Ward,New_ward_code,Public_Transport_Accessibility,Borough,Population_2011,White,Median_House_Price_2014,Unemployed_rate,Housing_Benefit_rates_2015,children_Claimant_Households,GCSE_2014,ALevel_2014,No_cars_household_rate,Deprivation_Score
City of London,E09000001,7.9,City of London,7400,5799,765000,4.525341915,5.272724886,9.5,354.5,210.5,69.4,12.12490568
Abbey,E05000026,6,Barking and Dagenham,12900,3596,173000,14.48823804,16.14512028,22.07792208,317.6577586,208.9369048,56.5,32.72612716
Alibon,E05000027,3.1,Barking and Dagenham,10450,7275,215000,12.17173822,17.68501449,24.71428571,307.4457317,201.59875,38.7,36.06622536
Becontree,E05000028,2.9,Barking and Dagenham,11650,6789,210000,13.81154343,16.3798279,22.02380952,295.4513812,207.9009346,36,31.68654355
Chadwell Heath,E05000029,2.3,Barking and Dagenham,10100,6224,240500,12.11849192,15.11750726,24.33333333,293.4378378,210.456962,34.5,38.04450355
Eastbrook,E05000030,2.3,Barking and Dagenham,10600,7904,240000,10.9633289,12.07086133,20.36363636,305.9482759,206.8360825,26.9,25.67453043
Eastbury,E05000031,2.7,Barking and Dagenham,11700,6776,220000,12.66540643,16.935769,22.32876712,315.6670659,212.1091603,42.1,34.9326361
Gascoigne,E05000032,3.2,Barking and Dagenham,12550,4931,200000,17.24845996,20.13371328,22.85714286,300.6715328,210.326506,53.9,43.23225216
Goresbrook,E05000033,2.5,Barking and Dagenham,11350,7517,205000,12.27333461,17.74193548,23.8961039,302.2272727,217.3384615,36.9,34.32616823
Heath,E05000034,2.7,Barking and Dagenham,10850,7304,215000,14.33915212,19.56200787,23.42465753,297.3286885,207.6294118,44,38.75701647
Longbridge,E05000035,3.1,Barking and Dagenham,11550,4890,312750,9.158912607,7.252472434,10.625,337.7835227,211.3349693,26.6,20.66949142
Mayesbrook,E05000036,2.5,Barking and Dagenham,10400,7112,212000,12.67544807,18.18910256,22.36111111,305.4440299,203.845,38.9,37.35312244
Parsloes,E05000037,2.7,Barking and Dagenham,9900,6797,213000,12.74710293,17.05049945,23.33333333,312.2058394,210.1802632,37.8,35.44978032
River,E05000038,3,Barking and Dagenham,11000,6732,205500,12.25087925,14.62811959,21.75675676,300.1892857,205.121978,38.1,32.25314769
Thames,E05000039,2.1,Barking and Dagenham,10800,4840,219000,15.23789992,16.98038439,20.78651685,306.9984733,207.5241758,43.8,39.18909142
Valence,E05000040,3.2,Barking and Dagenham,9950,6754,215000,12.74856385,19.10185065,22.75362319,302.9649254,216.2258824,37.5,36.10691584
Village,E05000041,2.7,Barking and Dagenham,10850,7028,202500,14.58498024,18.59493982,25.15151515,301.5692308,206.9791209,43.3,39.10238268
Whalebone,E05000042,2.9,Barking and Dagenham,10650,5917,235000,10.37304911,10.55480379,14.92063492,310.8455285,206.6339623,31.6,25.59756779
Brunswick Park,E05000043,2.9,Barnet,16450,11212,435000,7.345497351,6.310497486,9.382716049,339.3390558,217.037013,19.2,13.44047008
Burnt Oak,E05000044,3.6,Barnet,18300,8472,250000,11.17667083,17.99689222,19.0990991,313.5469751,209.1032967,39.5,27.42324111
Childs Hill,E05000045,4.5,Barnet,20100,12242,507500,8.843984962,13.77569205,13.63636364,335.65,212.1708134,41.9,18.48594801
Colindale,E05000046,2.5,Barnet,17150,6852,302500,11.7875191,17.59670464,18.9010989,307.730814,200.3472441,39.3,27.77733885
Coppetts,E05000047,2.9,Barnet,17300,11218,335000,7.924606894,10.31396406,13.53658537,343.4721212,214.7659259,30.1,17.68333409
East Barnet,E05000048,2.8,Barnet,16200,12366,368000,7.312463083,9.124087591,11.82926829,337.4255556,225.1443548,22.5,12.82628631
East Finchley,E05000049,2.6,Barnet,16050,11488,437500,6.331512652,10.6425554,12.10526316,350.0976378,218.8292079,37.2,19.83251321
Edgware,E05000050,3,Barnet,16800,10166,455000,7.648415685,10.31625361,8.585858586,326.7208333,219.5846715,25.1,17.1792508
Finchley Church End,E05000051,2.9,Barnet,15800,10506,528000,5.86893903,6.817496229,5.138888889,360.7409091,225.9080882,25.3,12.00246073
Garden Suburb,E05000052,2.7,Barnet,16000,12513,825000,4.507897934,5.303548363,3.797468354,368.5094118,244.0857143,23,9.257487154
Golders Green,E05000053,3.4,Barnet,18900,12382,555250,7.796728159,13.57394016,7.734375,342.0639706,226.6681416,34.2,17.56232357
Hale,E05000054,2.6,Barnet,17500,10349,397250,7.35042735,9.395973154,10.1980198,325.5957143,215.9185185,21.4,15.708858
Hendon,E05000055,2.7,Barnet,18550,11758,350000,8.08862504,10.6553114,7.52688172,352.6848684,232.6019802,33.3,17.76160049
High Barnet,E05000056,2.7,Barnet,15350,12509,419422.5,5.536543632,7.109375,7.313432836,353.3846715,226.9539823,21.4,11.77306014
Mill Hill,E05000057,2.3,Barnet,18500,11781,520000,6.694515853,8.349262698,9.428571429,352.8417722,218.7491329,19.9,14.76392338
Oakleigh,E05000058,3.3,Barnet,15850,11596,366000,5.71873876,7.515641691,10.4,346.8614865,222.246875,20.6,13.11336173
Totteridge,E05000059,2.5,Barnet,15200,9967,627750,5.230728894,5.296962969,5.921052632,368.8777328,221.9941748,20,10.12194451
Underhill,E05000060,2.6,Barnet,16000,11568,389950,8.810404182,11.48638252,16.44736842,320.3023188,210.7704545,26.5,18.67388534
West Finchley,E05000061,3.6,Barnet,16600,10053,385000,6.267290913,7.946786795,7.183098592,368.8980392,222.0427184,32.1,13.83473843
West Hendon,E05000062,3.5,Barnet,17450,8589,346250,9.001762891,11.17915221,12.83950617,340.3444444,222.4211009,35.8,20.91595074
Woodhouse,E05000063,2.9,Barnet,17650,10966,370000,7.355864811,9.99187102,11.3253012,356.6886076,218.1129771,30.2,17.20375386
Barnehurst,E05000064,3.1,Bexley,10450,9396,250000,5.966014038,5.843453168,11.02040816,326.2982456,214.4433735,20.4,13.32956431
Belvedere,E05000065,2.8,Bexley,11950,8514,179500,9.056727154,12,21.57142857,306.1392638,209.1234568,28.4,24.98098915
Blackfen and Lamorbey,E05000066,2.1,Bexley,10650,9839,280000,4.826599928,2.941526736,7.2,332.8385185,212.2325,15.6,9.127107373
Blendon and Penhill,E05000067,2.1,Bexley,10950,9877,275000,4.785850529,2.982987649,5.68627451,340.1451852,207.9295455,13.7,8.509635428
Brampton,E05000068,2.7,Bexley,10600,9160,315000,4.443205057,2.855136906,5.555555556,325.3616822,208.227619,17.1,8.608720468
Christchurch,E05000069,3.4,Bexley,11000,9501,275000,5.463547891,4.983760779,12.70833333,342.8740157,205.68,20.8,12.50244699
Colyers,E05000070,2,Bexley,11200,9161,247000,9.424834259,9.746359793,17.21311475,298.2969231,209.4025974,27.9,25.22140943
Crayford,E05000071,2.1,Bexley,11300,9910,231500,7.518147252,10.54735547,16.41791045,301.3769784,210.6852632,24.7,22.1832192
Cray Meadows,E05000072,2.3,Bexley,11250,9975,285000,7.078836656,11.23287671,19.49152542,324.9230216,211.3144737,24.1,22.33307254
Danson Park,E05000073,2.9,Bexley,10900,9107,265750,6.064313177,6.07347876,11.83673469,337.0016667,209.1190476,23.1,12.74009716
East Wickham,E05000074,2.5,Bexley,10900,9023,259497.5,7.194115536,7.021178637,14.8,331.8702899,208.022093,23,16.78129827
Erith,E05000075,2.6,Bexley,12100,8271,181000,10.37309687,14.59167117,20.1369863,312.2408,199.9918605,32.4,25.88611974
Falconwood and Welling,E05000076,2.4,Bexley,10850,9136,280000,6.139154161,2.828541497,6.041666667,335.6210526,205.022619,17.8,10.06955249
Lesnes Abbey,E05000077,2.8,Bexley,11400,7834,257500,8.577517315,9.554794521,16.44067797,303.0125926,203.3925926,28.9,20.42839838
Longlands,E05000078,2.7,Bexley,10500,9459,250000,5.80897412,5.836890068,10.75,348.6740385,210.8850575,22.2,11.19669234
North End,E05000079,2.6,Bexley,11600,8444,204497.5,13.0733519,19.27233429,28.51351351,285.7090909,204.0257426,36.7,32.78273008
Northumberland Heath,E05000080,2.1,Bexley,10650,9058,250000,6.459243086,6.629431763,14.71698113,324.7898649,211.8422222,19.5,14.66384371
St Mary's,E05000081,2.6,Bexley,10550,9615,315000,4.613953488,3.037916857,4.6,358.7084034,214.7348315,14.5,7.82603656
St Michael's,E05000082,2.2,Bexley,11150,9214,280000,5.982036943,4.141104294,8.5,327.2227848,215.0168421,15.9,11.63600216
Sidcup,E05000083,3.2,Bexley,10900,9745,280000,5.420726306,4.949548593,7.111111111,347.6792453,223.0688889,23.8,8.686533951
Thamesmead East,E05000084,2.6,Bexley,12150,5723,190000,14.86327797,17.86482509,19.50617284,304.610828,205.5553571,40.5,27.59637751
Alperton,E05000085,3,Brent,14100,2557,249950,8.956014838,10.14047045,11.4084507,318.5683871,205.9965812,35.6,23.82265318
Barnhill,E05000086,3,Brent,15850,4778,333000,10.33196089,14.48074495,16.91358025,321.5930636,211.0913386,33.6,31.61038942
Brondesbury Park,E05000087,3.8,Brent,13100,7323,465000,7.775524003,13.39832869,12.18181818,354.5699346,213.0125,46.2,25.70484274
Dollis Hill,E05000088,2.9,Brent,13500,4797,306000,11.42156863,16.10336019,17.77777778,298.0899441,205.3122137,34,29.77950783
Dudden Hill,E05000089,3.4,Brent,15150,6646,495000,10.63561989,16.52851459,17.01298701,311.5085938,205.5891089,43,31.49998048
Fryent,E05000090,2.8,Brent,13550,5018,263750,9.124194493,9.91555176,8.985507246,326.9644295,207.8021429,28.3,24.50101093
Harlesden,E05000091,3.8,Brent,17300,5670,305500,15.57659208,29.95362226,25.47368421,304.8822115,205.7496503,60.5,45.23482724
Kensal Green,E05000092,4.1,Brent,15000,7112,500000,10.43540842,19.89220145,19.01408451,307.5737705,209.7295455,52.2,35.89560554
Kenton,E05000093,2.7,Brent,12200,3645,440000,7.67299545,4.741938704,6,357.2243697,216.8482353,19.7,17.17064052
Kilburn,E05000094,5.5,Brent,17100,8489,444631.5,10.92901772,19.47698175,22.53164557,319.2414286,203.2934066,62.7,43.18699016
Mapesbury,E05000095,4.5,Brent,15600,8792,450000,8.697528866,15.75488998,15.3125,314.080402,215.4086614,53.1,29.67101945
Northwick Park,E05000096,2.7,Brent,12850,4000,470000,8.803841676,5.955288371,9.215686275,345.7333333,221.0732673,25.6,19.47605598
Preston,E05000097,3.4,Brent,15550,4635,350000,8.869631706,9.881390593,13.2,339.0653846,215.1648,30.9,23.21011202
Queens Park,E05000098,5,Brent,15400,9626,677500,6.765783236,10.8816081,12.27272727,345.8075,217.5606742,47.1,27.10348112
Queensbury,E05000099,3,Brent,15250,4100,366000,8.236658933,8.532983262,10.25641026,331.9812903,219.7553957,24.8,22.5232833
Stonebridge,E05000100,3.2,Brent,17000,3973,249950,17.24475524,30.33288043,25.55555556,298.5968254,206.2360215,50.6,51.6317997
Sudbury,E05000101,3.3,Brent,15050,3396,249950,9.245960503,11.91489362,11.84210526,331.1682119,210.0162602,36.7,26.50225559
Tokyngton,E05000102,3.5,Brent,15200,3576,322500,9.807549963,9.118109058,11.62162162,310.8121622,211.4174312,40.2,23.52188651
Welsh Harp,E05000103,2.8,Brent,13850,5322,292475,10.88277858,15.04458001,16.38888889,315.7455782,212.8769231,35.1,29.73119422
Wembley Central,E05000104,4.9,Brent,14800,2055,250000,10.31956549,10.96448355,13.04347826,305.7202899,220.2754386,43.7,29.31108083
Willesden Green,E05000105,4.6,Brent,15700,7370,409500,10.41831097,21.24704025,19.30555556,296.6677419,203.2706522,59.3,38.47852902
Bickley,E05000106,2.4,Bromley,15200,12909,480000,4.414461619,4.001636661,5.205479452,359.2688889,217.325,14.8,8.629288324
Biggin Hill,E05000107,1.8,Bromley,10000,9540,269950,4.790847336,3.28760351,8.4,311.6208,209.3219512,9.2,8.957639861
Bromley Common and Keston,E05000108,2.3,Bromley,15200,13180,350000,6.635257165,7.597296667,11.19047619,341.6916667,213.5810345,20.1,15.54301657
Bromley Town,E05000109,3.8,Bromley,16900,13709,327000,5.517313308,6.71818435,8.214285714,339.7354086,216.0848101,27.1,12.84427423
Chelsfield and Pratts Bottom,E05000110,2.1,Bromley,14600,13096,400000,4.289296555,2.76205181,5.571428571,363.7434783,214.3554795,12.7,5.916537407
Chislehurst,E05000111,2.1,Bromley,14900,13054,395000,4.493009366,3.788794841,5.833333333,343.3982906,220.4574627,15.1,10.91385467
Clock House,E05000112,4,Bromley,15650,12350,308750,6.225077537,7.665066499,8.684210526,338.1915493,215.3347826,29,14.11669651
Copers Cope,E05000113,3.3,Bromley,15450,12709,315000,5.00323485,6.692229779,11.2,335.5402778,216.0171717,27,12.3638667
Cray Valley East,E05000114,2.1,Bromley,15550,13194,242000,8.654360621,12.5,23.45238095,296.9125,201.325,28.6,27.49051698
Cray Valley West,E05000115,2.3,Bromley,16850,14435,250000,8.896252868,14.24187584,24.42105263,302.9659794,205.7842975,27.8,29.49906984
Crystal Palace,E05000116,4.6,Bromley,12350,7585,250000,10.4299702,17.88999617,24.81481481,286.6927711,212.3180851,52.5,32.27356539
Darwin,E05000117,1.3,Bromley,5150,4865,445000,4.196078431,2.741020794,5.2,337.3666667,206.2755556,8.7,14.72486362
Farnborough and Crofton,E05000118,2.5,Bromley,14700,13246,395000,4.673030346,3.846153846,5.441176471,355.2761905,220.7772727,16.6,7.810561797
Hayes and Coney Hall,E05000119,2.3,Bromley,16000,14593,441250,4.787428432,2.231333281,3.846153846,348.7661538,224.2390533,13.6,6.95451409
Kelsey and Eden Park,E05000120,2.7,Bromley,16000,13356,421599,4.79477382,3.955559058,5.82278481,355.1067416,212.3501597,19.2,11.35653114
Mottingham and Chislehurst North,E05000121,2.5,Bromley,10050,8150,250000,9.593794652,16.10703718,25.17857143,296.0565217,209.1066038,31.1,29.17071539
Orpington,E05000122,2.9,Bromley,15400,13376,340000,7.055007433,7.077791213,17.10144928,328.558,219.3822581,22.2,18.17454686
Penge and Cator,E05000123,4.2,Bromley,17450,11336,320000,9.795367196,14.25807838,18.62068966,323.3430303,211.25,41.9,25.88260513
Petts Wood and Knoll,E05000124,2.8,Bromley,13700,12398,485000,3.97885773,1.93098516,3.278688525,357.2307692,226.5087719,13.6,4.877053131
Plaistow and Sundridge,E05000125,2.9,Bromley,15200,12196,295444,6.842498134,9.445618599,12.56756757,327.0585714,211.7430493,27.3,17.44487996
Shortlands,E05000126,2.7,Bromley,9900,8288,468000,4.544552491,3.625264732,3.695652174,381.0427273,213.8210884,18.8,6.532348933
West Wickham,E05000127,2.2,Bromley,14950,13305,475000,4.116706635,2.445629178,3.098591549,369.8398936,215.627044,14.9,6.640810488
Belsize,E05000128,4.2,Camden,12700,9169,850000,5.600649351,10.17151243,12.5,327.5957143,201.5027778,53.1,17.54706237
Bloomsbury,E05000129,8,Camden,10800,6491,560000,9.803554724,8.519721578,8,342.8888889,212.3333333,79.7,19.93941416
Camden Town with Primrose Hill,E05000130,5.4,Camden,12650,9278,813500,6.913272375,13.81749799,22.27272727,337.6598291,219.9455556,59.3,26.97467853
Cantelowes,E05000131,4.9,Camden,11900,8119,560000,8.858024691,15.51129835,22.85714286,317.0329268,215.679,62.2,30.09772246
Fortune Green,E05000132,4.8,Camden,11750,8334,575000,6.403194712,11.84609553,15.86956522,326.1701923,201.8677419,54.4,19.66135006
Frognal and Fitzjohns,E05000133,4.8,Camden,11950,8894,955000,5.01020889,4.032574568,3.818181818,357.2347826,225.0333333,40.7,13.41844468
Gospel Oak,E05000134,4.1,Camden,11250,7869,599999,9.144748302,18.24448034,23.7037037,323.3616438,217.479845,59.4,30.48300953
Hampstead Town,E05000135,4,Camden,11300,9019,1190000,3.984997656,5.131949515,4.489795918,384.3461538,221.7818182,44.8,12.13292269
Haverstock,E05000136,4.7,Camden,12350,7780,547305,10.47696039,19.60015305,29.3220339,297.2104712,206.4894309,63.4,32.38725321
Highgate,E05000137,3.9,Camden,10950,8745,650000,7.15010142,12.86204677,16.08695652,316.031746,210.4886364,47.2,21.07162294
Holborn and Covent Garden,E05000138,7.9,Camden,13000,7839,685000,8.660638598,15.19218025,23.25,339.00625,207.24125,74.6,29.18634305
Kentish Town,E05000139,5.7,Camden,13400,9606,630100,6.602931804,13.02337313,21.8,305.156701,216.1704918,62.1,28.18610927
Kilburn,E05000140,5.5,Camden,12050,7213,468000,9.763222632,23.93495626,31.92307692,313.9913333,202.5480392,68.3,35.18760186
King's Cross,E05000141,7.8,Camden,11750,6015,625000,13.45583877,13.81503988,17.11111111,322.0491935,206.5675676,79,24.82475143
Regent's Park,E05000142,6.8,Camden,13500,7536,600000,10.69391635,15.58441558,24.33962264,319.7840237,218.5404959,70.1,31.39798479
St Pancras and Somers Town,E05000143,7.1,Camden,13800,7045,465000,12.69001983,20.28952029,35.52238806,313.5797297,208.4433333,72.1,36.94432952
Swiss Cottage,E05000144,6.2,Camden,12900,8719,740500,5.561613959,8.969162996,13.39622642,305.1346535,192.6765625,50.1,19.21344445
West Hampstead,E05000145,6,Camden,12050,8384,622500,6.161437247,11.89344336,20.54054054,328.3084211,206.4724138,59.3,22.27935095
Addiscombe,E05000146,4.6,Croydon,16950,9520,250000,8.072337846,13.14644411,14.47368421,318.2655629,213.8628319,44.3,20.8324303
Ashburton,E05000147,2.9,Croydon,14800,9315,347000,8.006258965,10.13848968,16.71052632,320.0701657,212.369186,26,22.18109704
Bensham Manor,E05000148,3.3,Croydon,16250,4300,246250,11.00273582,13.7195122,15.25773196,311.7073892,212.0669065,38.6,21.44155363
Broad Green,E05000149,4.7,Croydon,18700,5854,231000,12.00985644,19.82666761,19.39655172,309.4956863,212.0201258,47.1,34.22733432
Coulsdon East,E05000150,1.9,Croydon,12300,10354,375000,6.419029,6.213494461,11.40350877,335.0186047,214.4920354,16.7,12.95940323
Coulsdon West,E05000151,2.5,Croydon,13500,10054,361000,5.666389582,4.307778191,5.757575758,352.3064103,219.9350649,13.5,12.10876207
Croham,E05000152,3.3,Croydon,15850,10846,250000,7.030577089,8.545840923,10.53333333,341.1949153,218.3313253,29.7,17.0992683
Fairfield,E05000153,5.7,Croydon,16650,8493,236000,8.075186391,14.57955233,13.11688312,317.3410256,208.7683168,48.5,21.69407599
Fieldway,E05000154,2.9,Croydon,11500,7531,220000,15.57187828,24.51193059,28.11764706,275.95,198.4948454,42.4,41.28985053
Heathfield,E05000155,2.3,Croydon,13250,9961,260000,6.394692264,7.644320298,14.83333333,309.4560811,214.5981651,17.6,16.38066561
Kenley,E05000156,1.9,Croydon,15050,11492,340000,6.603063018,6.716106991,8.684210526,330.1275168,220.3412214,16.4,15.46902774
New Addington,E05000157,2.7,Croydon,10850,8239,245000,11.66263115,18.03034071,26.06060606,289.8164634,217.1455446,35.4,36.61065427
Norbury,E05000158,3.1,Croydon,16550,6207,350000,9.111321201,9.829580037,12.29885057,326.75125,214.9387324,34,20.25074679
Purley,E05000159,2.9,Croydon,14650,9992,320000,5.678884874,6.863727455,8.333333333,345.9036232,222.6495652,21.8,15.60643809
Sanderstead,E05000160,1.7,Croydon,12850,10290,392500,5.617805065,3.37778643,4.918032787,346.8307692,221.575,12.1,9.769666905
Selhurst,E05000161,4.2,Croydon,18150,6213,212997.5,12.29616571,22.32371209,21.21495327,316.709,207.4741818,49.3,33.39649482
Selsdon and Ballards,E05000162,2,Croydon,11750,9409,344000,4.466111024,2.156005288,5.625,339.6961538,217.027381,11.1,8.073291398
Shirley,E05000163,2,Croydon,14350,9878,320000,7.605244997,8.239138114,15.77464789,319.2423729,209.2452381,22.7,17.00646449
South Norwood,E05000164,3.9,Croydon,16600,7879,240000,11.68586619,18.74952461,20.72289157,318.8761538,209.4188525,45.3,29.64799738
Thornton Heath,E05000165,3.3,Croydon,16600,5437,250000,12.68683065,18.28539108,16.73076923,297.8066351,213.5884615,43.2,28.60554759
Upper Norwood,E05000166,3,Croydon,16150,7838,289750,9.759481961,12.29667678,15.23809524,318.4347826,215.813986,34.9,25.9343085
Waddon,E05000167,3.6,Croydon,17150,9465,243250,8.939173294,15.50156506,20,304.6142857,212.9318471,37.3,28.58904989
West Thornton,E05000168,3.1,Croydon,17550,4116,235000,11.39002933,16.58283798,16.36363636,317.692887,207.0218085,38.9,24.60846526
Woodside,E05000169,3.7,Croydon,16800,7512,250000,11.78033658,16.72068938,20.83333333,299.3424581,211.715493,40.2,28.04481624
Acton Central,E05000170,3.1,Ealing,15500,9252,570000,8.133174792,16.50477578,15.86666667,335.7136691,217.834,45,27.3348126
Cleveland,E05000171,3,Ealing,14600,9187,500000,7.941017316,12.77222421,14.47368421,338.8765101,220.7163043,31.8,24.92688918
Dormers Wells,E05000172,3.3,Ealing,13950,2493,265000,12.05968313,14.49810606,16.4,308.4539877,208.7069231,37,34.67861144
Ealing Broadway,E05000173,5,Ealing,14100,9749,459970,6.033360937,8.749401818,7.692307692,349.3357798,228.8292135,39.6,18.34563814
Ealing Common,E05000174,3.6,Ealing,14050,9608,536000,7.016090866,10.05952381,11.92307692,338.9455224,219.7519231,37,21.43172899
East Acton,E05000175,4,Ealing,18750,9339,390500,9.33025848,13.73679155,21.23595506,305.9163265,211.9867188,48.8,28.09477264
Elthorne,E05000176,3.8,Ealing,14600,9465,408750,7.865168539,14.70731707,13.24324324,313.4022901,217.7803922,39.4,27.53597499
Greenford Broadway,E05000177,3.4,Ealing,17700,7527,249000,10.60968661,15.02242152,19.18367347,315.4,208.8510204,34.2,31.26783357
Greenford Green,E05000178,2.6,Ealing,14400,7311,307000,7.829776292,8.758404303,10.1369863,324.8804196,214.1282258,25.4,19.65421451
Hanger Hill,E05000179,3.7,Ealing,15650,8856,519000,6.40569395,7.738335894,7.972972973,330.2333333,210.335,27.8,14.23451712
Hobbayne,E05000180,3.1,Ealing,14300,8865,386250,7.981601732,14.2883549,15.75,327.9706806,215.8770833,33.8,23.19857213
Lady Margaret,E05000181,3,Ealing,13950,2293,285000,9.834699264,7.871448533,12.8358209,337.0518919,222.8745223,23.2,22.10780776
Northfield,E05000182,3.4,Ealing,13550,10383,615000,4.715447154,5.860704757,6.271186441,379.539759,231.1514925,29.5,11.70807633
North Greenford,E05000183,2.6,Ealing,14750,6415,345000,7.693263734,7.026414436,10.69444444,323.1869822,217.5303704,23,17.44057655
Northolt Mandeville,E05000184,3.2,Ealing,15250,7340,300000,9.634595163,14.6095054,20.11627907,302.8310345,208.6028777,31.9,29.20808176
Northolt West End,E05000185,2.5,Ealing,15200,6792,226111,12.95540864,19.44012442,23.06818182,319.8985075,210.0605442,36.3,37.0707282
Norwood Green,E05000186,2.3,Ealing,14100,3081,257500,14.68499773,14.02818448,21.19402985,309.1493976,215.5382114,34,40.3677377
Perivale,E05000187,2.3,Ealing,15400,6968,367500,7.617678764,9.322316809,11.55844156,339.7912752,214.1705882,25.7,18.81263436
South Acton,E05000188,4.6,Ealing,14900,8404,440000,9.567546881,17.50322789,19.01234568,320.6519231,200.6273585,49,27.91999999
Southall Broadway,E05000189,3.2,Ealing,13500,841,250000,12.81037482,12.47093834,16.90140845,315.5,219.0518519,39.9,31.8437724
Southall Green,E05000190,3,Ealing,14600,1257,243000,13.66389632,13.04763561,17.43902439,305.7556075,212.9442857,39.5,32.2712975
Southfield,E05000191,3.1,Ealing,13550,10678,780000,4.884601294,7.872816838,9.433962264,350.5364583,213.6408163,34.8,14.7178975
Walpole,E05000192,3.8,Ealing,13400,9714,612500,5.631506334,8.608967291,7.321428571,371.26,234.4822581,36,17.84704202
Bowes,E05000193,3.9,Enfield,14100,8632,319995,8.902513795,11.78936777,17.79661017,329.8356643,211.0280488,38.6,26.41403749
Bush Hill Park,E05000194,2.7,Enfield,14000,10193,360200,6.694903675,6.080726891,9.666666667,353.3716418,216.5192593,21.5,13.74599521
Chase,E05000195,2,Enfield,13850,10545,324000,9.107753706,14.24326834,18.49315068,317.0176101,216.4443548,28,25.38273255
Cockfosters,E05000196,2.6,Enfield,13850,10158,472000,7.949479941,7.840948128,10.1754386,339.7052239,226.1866071,22.5,14.18393695
Edmonton Green,E05000197,3.9,Enfield,18050,7078,210000,16.99441935,29.54756022,27.41666667,293.6270073,203.8296512,53.5,47.14867714
Enfield Highway,E05000198,2.5,Enfield,16100,9264,250000,13.42189013,19.12125053,26.66666667,311.2858974,205.5423313,33.7,32.53830497
Enfield Lock,E05000199,2.6,Enfield,16550,9048,217250,13.56194405,20.63291139,27.54385965,303.4353659,211.4503106,34.3,30.83182579
Grange,E05000200,3.1,Enfield,12800,10221,360000,5.582996557,5.155413654,7.592592593,364.4894737,221.5622449,19.7,10.12131165
Haselbury,E05000201,3,Enfield,16350,7428,260000,13.25219743,19.57689447,23.75,307.4738197,214.8,40.5,32.85391226
Highlands,E05000202,2.7,Enfield,13050,10307,375000,6.076210093,6.720087416,11.85185185,346.9764286,215.7761905,19.9,14.62971475
Jubilee,E05000203,2.5,Enfield,14450,7044,250000,11.4410612,17.85648911,23.58024691,310.3554404,206.4125,34.9,30.22956338
Lower Edmonton,E05000204,3.2,Enfield,16600,6800,248000,13.804151,22.68766756,25.17857143,303.9780822,201.0207547,45.6,36.32599327
Palmers Green,E05000205,2.5,Enfield,15250,9790,353500,8.601485149,9.444400537,13.52941176,336.5110236,220.2096491,30.3,22.93093281
Ponders End,E05000206,3.3,Enfield,15750,7114,248000,13.98919534,19.96127294,21.98019802,313.5278027,207.4868966,40.8,35.67668065
Southbury,E05000207,3.1,Enfield,14600,9257,265000,11.02173299,17.44504282,21.08695652,327.2457447,209.125,34.6,29.32364218
Southgate,E05000208,3.1,Enfield,14550,9885,347500,7.904316173,8.822305452,11.15942029,360.5901408,221.2401709,26.1,13.13576206
Southgate Green,E05000209,3.9,Enfield,13850,9214,500000,7.16747071,7.939130435,10.6557377,348.4811966,231.2651786,26.2,19.0489434
Town,E05000210,2.6,Enfield,15000,12220,350000,6.369032896,7.306352629,11.11111111,327.94375,207.7698413,22.3,12.90192646
Turkey Street,E05000211,2.5,Enfield,14450,8925,250000,13.40110906,19.68700806,27.44444444,306.4853081,206.5810606,32.8,34.38395358
Upper Edmonton,E05000212,3.4,Enfield,17450,7305,250000,13.97491682,20.63648046,24.18181818,290.8079295,207.2753425,43.5,39.75763294
Winchmore Hill,E05000213,2.9,Enfield,13500,10212,435000,5.962867597,6.64445845,7.24137931,350.9736,227.5471154,23,14.51703722
Abbey Wood,E05000214,3.1,Greenwich,15750,8434,250000,13.00121507,17.2027972,23.03030303,301.1487805,206.7230769,44.6,37.9348754
Blackheath Westcombe,E05000215,3.4,Greenwich,12950,10698,427500,5.653950954,8.707607699,10.57692308,327.412766,216.3055556,36.1,22.4555928
Charlton,E05000216,4,Greenwich,14450,9179,363000,10.28663274,14.79400749,18.48101266,316.1527778,214.2787879,44.2,33.99128167
Coldharbour and New Eltham,E05000217,2.9,Greenwich,13100,10676,325000,7.542908762,9.019496498,14.65517241,319.4644295,208.6548077,25.4,22.69677038
Eltham North,E05000218,2.9,Greenwich,12550,11104,345000,6.234115712,6.885990911,8.363636364,339.044186,214.7445783,26,16.06318298
Eltham South,E05000219,3.3,Greenwich,12600,10430,288750,9.37847719,9.291323682,18.97959184,352.4731092,211.2436364,32.5,24.71457077
Eltham West,E05000220,3.1,Greenwich,10450,7845,315500,11.2749004,15.2386429,23.58490566,310.888961,211.82875,33,37.58109884
Glyndon,E05000221,4,Greenwich,18250,8176,224995,14.57759898,17.34215017,21.68316832,317.4898477,203.1901786,50.7,39.7929978
Greenwich West,E05000222,4.6,Greenwich,16600,11029,450000,9.212325166,12.88392501,17.73333333,310.8977064,210.3857143,52.7,28.89432726
Kidbrooke with Hornfair,E05000223,2.6,Greenwich,14350,9490,260050,9.319385953,12.60281242,20.56338028,313.148366,218.4666667,36.3,30.95997282
Middle Park and Sutcliffe,E05000224,2.3,Greenwich,13550,10260,292755,10.21447308,15.09127401,25.45454545,329.26,209.2,35.1,33.98552154
Peninsula,E05000225,4.5,Greenwich,14100,9758,379000,7.209847597,9.597619195,18.14285714,302.8371134,213.6977778,48.8,26.48448955
Plumstead,E05000226,3.6,Greenwich,16800,7466,249000,13.93500117,15.40932237,17.39583333,305.5567839,208.462963,43.8,32.47614597
Shooters Hill,E05000227,2.4,Greenwich,13500,8931,270000,9.520441364,8.957623912,13.90625,320.0586957,208.954386,30.2,23.94133378
Thamesmead Moorings,E05000228,2.6,Greenwich,19800,8360,190000,13.36171096,16.256259,18.94736842,311.460793,209.9839506,42.1,31.85632007
Woolwich Common,E05000229,4,Greenwich,17550,7414,267500,15.40721589,18.19838979,20.17241379,313.0375,200.3672897,55.2,45.614768
Woolwich Riverside,E05000230,4.5,Greenwich,19200,9752,266250,13.36032389,16.4133366,22,309.0051724,206.7366279,57,44.17502141
Brownswood,E05000231,6.1,Hackney,11150,6849,440000,7.606812933,15.8011156,30,295.0340909,211.2114754,64.4,39.98778658
Cazenove,E05000232,4.7,Hackney,13450,7594,375000,10.3894105,22.2478444,11.63043478,320.3638298,206.0638298,62.4,37.13414089
Chatham,E05000233,5.8,Hackney,13300,6032,415000,14.79323575,23.70027752,27.42857143,326.3227273,212.8725275,68.8,47.52466789
Clissold,E05000234,3.6,Hackney,12300,7972,499950,7.796101949,14.95677233,15.92592593,345.5694444,218.29,58.3,32.95110924
Dalston,E05000235,6,Hackney,14800,8177,485000,10.53443526,19.14764079,29.8245614,332.2970803,204.7116883,68.7,45.64694358
De Beauvoir,E05000236,4.9,Hackney,13700,8194,480000,9.357005758,16.45919779,28.90909091,314.8584158,203.7648855,64.2,40.22722233
Hackney Central,E05000237,6.7,Hackney,12600,5941,450000,12.83289637,21.80974478,25.09433962,327.9693069,208.1,69.9,45.60380833
Hackney Downs,E05000238,5.5,Hackney,13000,6239,433000,12.66509106,20.43049982,25.53571429,318.0313433,216.5725,63.9,45.96202185
Haggerston,E05000239,5.7,Hackney,13950,7569,452500,10.65830721,17.13895802,29.21568627,295.3051402,200.99375,72,47.96562181
Hoxton,E05000240,5.8,Hackney,15250,8122,475000,12.33773828,17.31723576,29.83333333,322.5357798,201.5313869,73.1,49.14244076
King's Park,E05000241,2.9,Hackney,11150,4215,383000,16.09968354,24.88841907,25.27777778,320.5472603,208.0333333,59.9,42.95101594
Leabridge,E05000242,4.3,Hackney,14100,6640,375000,12.94346979,18.07114488,22.19178082,338.5455285,213.5922222,60,39.3616543
Lordship,E05000243,3.7,Hackney,12350,8536,420000,8.913308913,21.74709177,11.92771084,335.9011905,208.6020202,59.8,37.49450571
New River,E05000244,5,Hackney,12600,7620,340000,12.9513633,26.59227287,11.50537634,320.4537634,206.1358491,64.2,44.43720368
Queensbridge,E05000245,4.8,Hackney,13750,7553,465000,10.92770313,18.85453624,23.62068966,294.4322034,214.4439024,63.6,46.30001653
Springfield,E05000246,3.2,Hackney,12450,6821,285000,15.10060153,29.02464913,15.54455446,331.8378947,206.1915094,62,41.31513828
Stoke Newington Central,E05000247,5.3,Hackney,12500,7483,483125,8.438546766,14.53299675,18.72340426,327.7178947,216.5129032,62.6,37.23141492
Victoria,E05000248,4.7,Hackney,13300,7382,471250,12.0888272,21.44418139,24.26470588,320.5949153,205.8408602,62.3,43.85449378
Wick,E05000249,3.9,Hackney,11800,5678,340000,14.71139111,23.66372054,30.48387097,310.6221374,206.3663043,60.5,50.63052608
Addison,E05000250,6.5,Hammersmith and Fulham,11550,8299,572500,6.26925653,12.53449374,16.66666667,330.5236364,206.7840909,59.6,27.10532764
Askew,E05000251,3.6,Hammersmith and Fulham,14200,8920,499999.5,8.964143426,17.53397711,17.25806452,312.8184049,207.2961039,55.6,32.02269972
Avonmore and Brook Green,E05000252,6,Hammersmith and Fulham,12250,7881,618250,7.317740391,11.12509682,12.7027027,343.1041667,225.9542857,60.6,22.90031892
College Park and Old Oak,E05000253,4.9,Hammersmith and Fulham,9200,4587,458000,11.66062673,18.37678722,27.27272727,317.3738318,201.3142857,63.1,39.71218269
Fulham Broadway,E05000254,5.4,Hammersmith and Fulham,11000,7704,805000,7.269450285,14.18826739,18.91891892,294.339,199.2,60.4,29.62901995
Fulham Reach,E05000255,4.2,Hammersmith and Fulham,11300,7856,786250,6.096318929,9.52330283,15.29411765,343.0671642,193.393617,57.8,22.58558537
Hammersmith Broadway,E05000256,6,Hammersmith and Fulham,11950,7884,741250,8.472849032,16.36307183,20.88888889,325.3680851,192.069697,60.1,30.07179653
Munster,E05000257,3.7,Hammersmith and Fulham,11000,8884,745000,5.049047894,7.555854946,9.25,279.8714286,223.2431373,44,18.82502112
North End,E05000258,5.2,Hammersmith and Fulham,11600,7626,558000,7.604766368,13.20986391,23.71428571,300.0387387,202.9333333,64.6,27.77519464
Palace Riverside,E05000259,3.7,Hammersmith and Fulham,7500,6362,950000,4.182133135,6.429664909,5.161290323,309.3261905,211.2617647,36,15.26176831
Parsons Green and Walham,E05000260,4.7,Hammersmith and Fulham,10850,8892,1330000,5.638977636,8.460176991,7.346938776,321.262963,228.2085714,42.3,20.3044788
Ravenscourt Park,E05000261,4,Hammersmith and Fulham,10800,7905,704000,6.808926535,10.28746039,12.55813953,339.5204301,215.9804348,48,26.8111666
Sands End,E05000262,3.4,Hammersmith and Fulham,12800,8855,827750,7.297447281,13.85853368,21.69811321,321.3060606,197.0828947,47.7,26.81384442
Shepherd's Bush Green,E05000263,5.6,Hammersmith and Fulham,12200,7294,440000,9.18662806,18.11094453,21.59090909,331.8721154,219.1666667,64.4,34.76186532
Town,E05000264,4.6,Hammersmith and Fulham,11200,8656,690000,6.344283096,9.930508855,13.95348837,333.8576923,210.4077922,52.7,22.82721009
Wormholt and White City,E05000265,3.2,Hammersmith and Fulham,13400,6617,427500,12.15787086,19.8666932,29.86111111,308.505036,201.0833333,58.2,36.28838707
Alexandra,E05000266,3.3,Haringey,11900,9381,625000,5.568685377,5.415778252,5.806451613,382.0150943,230.3636364,27.2,18.51330177
Bounds Green,E05000267,4.9,Haringey,13800,8261,332350,10.40537051,17.63182877,19.01639344,335.0286822,208.7865854,52.2,33.1032975
Bruce Grove,E05000268,4.5,Haringey,14550,6386,325000,12.67546908,22.07041513,24.93506494,298.7234899,209.1807692,58.6,44.55966701
Crouch End,E05000269,3.4,Haringey,12500,10162,563750,5.01409832,7.35522825,5.333333333,366.2734694,227.1893939,39.7,20.39857628
Fortis Green,E05000270,3.1,Haringey,12550,9984,465000,5.829660173,7.622558788,7.462686567,375.2162362,227.0427083,34.7,18.08380094
Harringay,E05000271,5.3,Haringey,13350,8696,430000,8.390410959,14.14286925,21.81818182,302.7841463,210.8183673,61.8,37.08287831
Highgate,E05000272,4,Haringey,11700,9438,732500,4.62594372,6.968022108,6.818181818,315.8032787,224.484375,41.1,17.83351395
Hornsey,E05000273,3.4,Haringey,12750,8740,419000,9.302325581,15.51062436,20.58823529,329.3927273,215.0333333,49.3,33.54067032
Muswell Hill,E05000274,3.2,Haringey,10850,9033,820000,5.111624326,5.763342082,4.680851064,374.5246753,235.3102564,33.7,19.27100915
Noel Park,E05000275,6.1,Haringey,14000,7645,350000,11.94780481,18.54043393,25.625,302.0908397,201.937234,62,45.37078659
Northumberland Park,E05000276,4.1,Haringey,14500,5642,252500,19.40996292,32.75402299,25.75757576,292.7917526,199.7956204,61.8,54.78316372
St Ann's,E05000277,3.9,Haringey,14700,7953,370000,10.48863208,14.97839654,21.58730159,304.7010101,204.9024096,59.6,42.03066387
Seven Sisters,E05000278,4.7,Haringey,16050,9395,372500,11.12856769,21.08763364,15.24271845,319.5840491,204.5509615,57.6,37.6471125
Stroud Green,E05000279,4.6,Haringey,11850,8717,477500,6.581376945,11.21547999,15.22727273,334.9641975,225.737931,53.2,27.87945396
Tottenham Green,E05000280,5.8,Haringey,14650,6883,326500,14.42713833,24.04244736,26.61971831,292.4014286,205.7209302,65.1,46.55237363
Tottenham Hale,E05000281,4.7,Haringey,15150,6413,251500,14.80894016,21.31421918,28.13186813,300.8793103,202.1100719,57.1,45.21761314
West Green,E05000282,4.1,Haringey,13450,6984,350000,12.38479263,19.35221207,24.09836066,309.4290323,210.912963,56.6,41.56656624
White Hart Lane,E05000283,3.3,Haringey,13500,6382,267000,15.24465642,25.29749692,26.97674419,314.785446,206.1129032,50.1,49.9173675
Woodside,E05000284,4.7,Haringey,14600,8248,345000,10.24408752,16.47958354,22.15384615,300.5747899,209.2303371,54.4,38.82683912
Belmont,E05000285,2,Harrow,11450,4688,435000,6.405933918,4.76728423,6.557377049,356.1208,219.6852941,11.3,10.95879813
Canons,E05000286,2.7,Harrow,12600,6437,402500,5.383255664,8.754600039,7.936507937,340.9206522,223.1474359,22.8,12.67577518
Edgware,E05000287,2.9,Harrow,11750,4048,357500,8.677821522,9.185312065,10.15625,334.2119658,204.028972,26.2,18.34374709
Greenhill,E05000288,4.6,Harrow,12550,5153,272000,8.013449145,11.83431953,14.61538462,318.2225352,219.621875,40.6,20.38184449
Harrow on the Hill,E05000289,3.1,Harrow,12400,5813,343000,7.115689382,10.02085506,8.076923077,343.2457447,220.1448718,27,15.33471008
Harrow Weald,E05000290,2.8,Harrow,11450,5880,384000,8.132956153,9.952606635,14.38596491,323.85,216.8774194,22,18.93492998
Hatch End,E05000291,2.3,Harrow,10800,6058,500000,6.006674082,5.35982442,8.6,351.3263158,222.4513514,15.4,11.12112039
Headstone North,E05000292,2.7,Harrow,10200,4782,427500,5.615874204,4.092505146,5.555555556,359.5341176,215.4566265,14.9,7.916221932
Headstone South,E05000293,3.1,Harrow,11250,4839,322500,7.578281146,8.211373031,9.821428571,351.0018519,222.517,25.6,13.06215682
Kenton East,E05000294,2.5,Harrow,11250,2960,380000,8.554873892,8.527472527,11.63265306,337.0461538,218.3424528,23.4,18.59754385
Kenton West,E05000295,2.9,Harrow,11250,3062,434475,7.023907667,4.426800087,6.2,342.0862069,216.2291262,15.1,12.52752531
Marlborough,E05000296,3.8,Harrow,12350,4543,268950,10.39119804,12.11850971,16.19047619,322.78,212.6243902,34.3,20.4550494
Pinner,E05000297,1.8,Harrow,10100,6213,400000,5.935432124,7.321515299,8.863636364,332.2802632,221.62,20.1,13.43058712
Pinner South,E05000298,2.2,Harrow,10500,6189,520000,4.99718204,4.081382522,3.928571429,368.6133333,238.7483516,15.9,7.716775299
Queensbury,E05000299,2.6,Harrow,12050,2998,390000,8.368747957,7.238095238,11.26984127,331.5670659,213.9560345,20.6,15.4020726
Rayners Lane,E05000300,3.2,Harrow,11200,3840,380000,6.367303982,5.551778835,4.821428571,349.8122137,220.0478261,17.9,10.44408994
Roxbourne,E05000301,3,Harrow,12950,4323,290000,10.10166209,16.08123511,14.7826087,321.0435754,209.809396,31.8,23.21101094
Roxeth,E05000302,3,Harrow,11750,3936,355000,9.072580645,9.983249581,10.48387097,335.3452381,207.0131148,23.9,16.10864191
Stanmore Park,E05000303,2.1,Harrow,11300,6372,555000,7.053787456,8.340434597,14.69387755,313.1227273,218.8023529,18.9,17.80768141
Wealdstone,E05000304,3.3,Harrow,11500,4267,310000,10.88896823,14.62826985,13.73134328,314.7354037,210.2210938,32.1,24.17494217
West Harrow,E05000305,3.2,Harrow,10450,4590,363500,7.351331631,7.991282238,10.4,357.0117117,216.0606383,24.5,14.65630436
Brooklands,E05000306,2.9,Havering,15050,11616,207500,8.841655138,11.09026964,16.55172414,307.2579268,199.8714286,28.8,19.52296776
Cranham,E05000307,2.3,Havering,12600,11822,320000,4.633140973,2.619701727,7.321428571,336.5381295,212.907377,16.7,7.729104275
Elm Park,E05000308,2.6,Havering,12500,10764,250000,7.506281407,8.264544025,15.25423729,321.851875,208.9988235,26.4,16.39589532
Emerson Park,E05000309,2,Havering,12050,9859,365000,4.441166831,2.152841547,6.078431373,351.7510949,213.641,11.8,9.840410493
Gooshays,E05000310,2.6,Havering,14750,12806,229000,12.95224313,18.22358346,26.19047619,284.4079208,193.532,34.7,34.07893245
Hacton,E05000311,2.4,Havering,12300,11370,296500,5.615885821,2.683827197,6.666666667,340.8365672,203.667,19.6,10.32237697
Harold Wood,E05000312,2.4,Havering,12700,11377,250000,7.57986739,8.481337259,13.85964912,292.2961538,197.9232323,22.9,17.3212869
Havering Park,E05000313,2.1,Havering,13050,11444,250000,8.549426371,9.835578447,19.85074627,290.7802548,203.7375,21,21.91915608
Heaton,E05000314,2.1,Havering,12600,10524,217000,11.35652174,17.74095161,23.19444444,298.4716981,189.0483871,33.4,32.10482567
Hylands,E05000315,2.1,Havering,13000,11697,275000,5.826749436,4.102417666,8.333333333,340.5527473,202.7678571,16.5,11.17821964
Mawneys,E05000316,2.5,Havering,13000,11434,250000,6.796563363,6.791500922,13.60655738,313.1313725,198.5224719,21.1,16.57525018
Pettits,E05000317,2.2,Havering,13000,11826,295000,5.377973034,3.150502942,8.928571429,321.508982,206.2363636,14.9,10.95018103
Rainham and Wennington,E05000318,2,Havering,12550,10527,240000,8.044188579,7.515490706,17.5862069,304.1729032,201.4295455,21.8,17.16350081
Romford Town,E05000319,4.2,Havering,16000,13303,225000,7.645020677,9.978586724,16.94444444,314.1561728,203.4366972,32.6,18.91262728
St Andrew's,E05000320,3.2,Havering,13400,12368,272500,6.142611684,6.624145786,10.94339623,328.0074324,200.4790909,25.5,13.1313728
South Hornchurch,E05000321,2.5,Havering,13600,11323,242000,9.308194774,9.648259196,17.7027027,304.6226601,201.9076923,24.7,22.58510295
Squirrel's Heath,E05000322,2.6,Havering,13250,11676,280250,5.098684211,6.192286801,9.333333333,334.7460317,207.688172,19.4,10.99418443
Upminster,E05000323,1.9,Havering,12900,12213,420000,4.121475054,1.499092906,3.58490566,352.05875,213.7382114,13.5,5.978744878
Barnhill,E05000324,2.4,Hillingdon,13550,4255,250000,10.99500227,12.2244489,15.875,317.0774869,199.1969697,25.8,25.6467933
Botwell,E05000325,3.1,Hillingdon,15150,5986,250000,11.75585055,15.86183485,18.10526316,312.1303922,206.6590909,30,28.57131936
Brunel,E05000326,2.4,Hillingdon,13900,8558,273750,12.18690494,8.128059055,15.16129032,294.1978723,200.8367089,26.4,21.36558651
Cavendish,E05000327,2.1,Hillingdon,11750,9358,400000,5.078500481,4.138880068,6.833333333,347.0140845,212.0063063,15.6,9.991428632
Charville,E05000328,2.4,Hillingdon,12700,7087,275000,7.848022423,9.130129427,12.81690141,334.0248521,211.9315789,20.3,17.88078886
Eastcote and East Ruislip,E05000329,1.7,Hillingdon,12250,9688,500000,4.029187817,3.709866875,5.833333333,350.9289256,213.615534,13.5,8.420587732
Harefield,E05000330,1.4,Hillingdon,7450,6476,310000,5.811878664,8.817829457,14.28571429,306.9423529,218.8468085,16.4,20.14837823
Heathrow Villages,E05000331,2.6,Hillingdon,12300,6094,209000,8.178328905,10.90750436,16.30769231,319.9267241,216.3446154,29,24.17653797
Hillingdon East,E05000332,1.7,Hillingdon,13000,8463,311000,7.608857185,7.966151153,12.43243243,326.5443182,210.7438017,19.3,17.51207553
Ickenham,E05000333,2.1,Hillingdon,10450,8125,521000,4.246084167,2.514551804,4.31372549,366.8240602,216.8682243,10.7,7.473965475
Manor,E05000334,2.9,Hillingdon,11550,9609,372500,4.314159292,3.748014823,7.894736842,350.6961905,211.2546512,17.4,10.09905652
Northwood,E05000335,2.2,Hillingdon,10550,6825,470000,4.661095636,7.766883331,5.813953488,338.587037,220.2425532,17.8,11.69832813
Northwood Hills,E05000336,2,Hillingdon,11650,7728,413500,6.149776823,8.246995441,8.392857143,332.4449612,205.1368421,19,14.84968367
Pinkwell,E05000337,2.7,Hillingdon,14900,4697,280000,9.578597172,11.12288136,14.75247525,326.050463,210.2515625,24.8,27.3599653
South Ruislip,E05000338,2.5,Hillingdon,12450,9029,305000,6.008277437,6.672511202,10.83333333,327.4815068,207.7632911,19.1,16.49847317
Townfield,E05000339,3.1,Hillingdon,14200,5239,280000,11.93165363,15.87217514,19.87951807,308.6235294,206.9298246,33.9,29.87743099
Uxbridge North,E05000340,2.4,Hillingdon,12150,8411,349950,5.563325563,6.9348659,8.771929825,344.9808,216.3670732,20.9,14.33253379
Uxbridge South,E05000341,2.5,Hillingdon,14050,8674,259000,10.9984288,8.938673908,19.11111111,309.152381,209.8428571,33.8,21.30330667
West Drayton,E05000342,2.4,Hillingdon,14500,9553,249997,9.019983575,12.70824613,22.98850575,293.3183099,212.8744681,26.4,29.2732955
West Ruislip,E05000343,2.2,Hillingdon,10700,8700,335000,4.620630861,6.893533209,8,340.4972727,207.5525641,18.5,11.70544259
Yeading,E05000344,1.9,Hillingdon,13700,4882,250000,10.68188469,13.90079025,17.52808989,314.4702703,213.8174757,25.4,28.52499468
Yiewsley,E05000345,2.5,Hillingdon,13100,8594,225000,9.156590976,14.07372401,20.55555556,289.702381,208.0897436,28.5,28.16541162
Bedfont,E05000346,2.1,Hounslow,12750,8168,229000,7.737918767,12.02992519,19.58333333,313.5028369,205.7123711,25.5,24.87115801
Brentford,E05000347,3.2,Hounslow,14450,9486,370000,9.191639386,13.47501348,19.55882353,330.8105263,215.8797468,40.1,25.69577758
Chiswick Homefields,E05000348,3.6,Hounslow,11400,9215,772500,5.401745411,6.212488154,9.607843137,345.4958904,212.9355556,34.1,14.07217733
Chiswick Riverside,E05000349,2.8,Hounslow,11600,9340,650000,4.291461779,8.656060289,7.547169811,355.5340426,216.8081395,28.6,15.68996996
Cranford,E05000350,2.4,Hounslow,12400,3219,226500,10.08309364,12.23871554,17.76119403,314.5727848,204.2339623,32,27.79692031
Feltham North,E05000351,2.9,Hounslow,11600,7068,270000,7.277227723,10.80243616,18.90909091,318.9243902,206.9857143,26.6,25.5650342
Feltham West,E05000352,2.4,Hounslow,15650,10026,225000,7.885687181,10.91732923,15.9375,309.4455497,207.1242105,28.1,24.48512364
Hanworth,E05000353,2.6,Hounslow,12250,8215,250000,9.955052439,14.95084801,22.5,292.7653179,204.4644737,30.7,32.83178618
Hanworth Park,E05000354,2.6,Hounslow,11450,7891,250000,6.849983729,9.475744155,15.32258065,316.6481481,201.794186,26,23.18737231
Heston Central,E05000355,2.9,Hounslow,12350,2879,348000,9.391913403,9.386354461,14.44444444,333.7193548,209.2381443,28.1,22.6496148
Heston East,E05000356,2.3,Hounslow,12400,2783,248000,8.779576588,9.938761169,14.19354839,337.1690647,219.6685484,25.3,18.93725498
Heston West,E05000357,2.3,Hounslow,12500,2966,280000,11.23880345,13.30365462,18.02816901,323.2104651,204.2741071,31.2,26.771135
Hounslow Central,E05000358,5.1,Hounslow,15250,4449,249950,8.877374784,10.19046191,11.75675676,344.9805556,212.55,46.8,16.89664586
Hounslow Heath,E05000359,3.2,Hounslow,14800,4035,249950,9.227969847,12.94650487,14.32098765,340.1679487,214.5492188,36.3,22.05272801
Hounslow South,E05000360,2.5,Hounslow,11450,6263,375000,6.393129771,4.94600432,6.034482759,342.8715278,211.2306931,18.7,11.83958422
Hounslow West,E05000361,3.9,Hounslow,12700,3048,270000,8.703096019,10.2426587,11.69491525,331.0604478,209.46,36.4,21.93496235
Isleworth,E05000362,2.4,Hounslow,12050,7810,301000,8.050781855,13.83457074,21.47540984,315.8119266,209.6506849,32.2,26.06572106
Osterley and Spring Grove,E05000363,2.8,Hounslow,13100,5937,345500,6.25415835,5.515145935,7.333333333,367.0296296,221.5513514,21.8,14.1556608
Syon,E05000364,3.6,Hounslow,13650,8917,365000,6.721820062,12.13440111,16.66666667,318.4885496,209.125,33.5,24.92431803
Turnham Green,E05000365,4.4,Hounslow,11500,8790,634000,5.181647127,7.35483871,10,343.6392857,205.4864865,40.9,16.24524589
Barnsbury,E05000366,5.7,Islington,12250,8680,715000,8.207250928,13.73605948,21.4,320.4018018,204.7852273,62.5,31.48831054
Bunhill,E05000367,7.1,Islington,14650,9582,640000,11.26635336,15.56560447,28.54545455,324.1555556,201.2253731,74.1,29.41410856
Caledonian,E05000368,5.3,Islington,13950,9078,447500,9.929078014,16.88935962,30.6,311.9913462,207.4132075,67.6,38.64034266
Canonbury,E05000369,6.5,Islington,12100,8667,550000,8.693733451,18.12237728,30.6,310.4195804,213.145614,62.3,40.54752342
Clerkenwell,E05000370,6.9,Islington,11500,8124,732500,8.859772266,14.87872687,25.26315789,300.6125,199.9581818,68,29.26742522
Finsbury Park,E05000371,6.6,Islington,14400,8196,410000,10.92329364,20.72530743,30.625,309.8406504,208.5321429,69.2,43.13746676
Highbury East,E05000372,4.7,Islington,11700,8901,667500,6.924614506,12.12880833,15.47169811,343.0347826,217.1716216,56.2,29.63500786
Highbury West,E05000373,5.7,Islington,15100,10201,500000,7.290032423,13.45100426,21.3559322,322.6128049,219.9661157,62.6,33.62885232
Hillrise,E05000374,4.2,Islington,11800,7815,447500,10.11556118,18.1626506,24.40677966,315.805042,211.8935484,57.4,37.21276904
Holloway,E05000375,5.9,Islington,15000,9572,405000,10.27314479,17.81084266,29.31034483,312.159322,201.5823077,68.5,39.67730415
Junction,E05000376,6,Islington,12050,8349,452000,9.357744842,16.96411798,22.39130435,334.5345238,218.8301887,63.9,37.48175875
Mildmay,E05000377,6.1,Islington,12950,8459,525000,9.109532915,18.26317231,27.62711864,329.6050314,204.2556701,65.7,39.00743863
St George's,E05000378,4.5,Islington,12450,8915,495645,9.035804906,16.16058122,21.45833333,328.5323944,212.3090909,61.2,36.19648039
St Mary's,E05000379,6.7,Islington,11600,8629,650000,7.693379791,14.75969286,28.37837838,331.0707692,211.2541667,65.2,34.7029324
St Peter's,E05000380,5.3,Islington,11850,8801,667500,8.415487927,14.43893646,26.51162791,302.4153846,202.1234568,61.5,33.61208962
Tollington,E05000381,4.5,Islington,13350,8546,465000,9.920062901,19.3869531,26.31578947,325.5853211,199.7057971,64.4,38.81127718
Abingdon,E05000382,6.5,Kensington and Chelsea,10000,6747,1295000,5.527449878,6.120157215,4.358974359,356.9666667,218.4333333,54.3,16.51377898
Brompton,E05000383,6.8,Kensington and Chelsea,8850,6686,1950000,4.055972419,4.51498153,5,355.6,213.3666667,55.1,15.15780107
Campden,E05000384,6.8,Kensington and Chelsea,8200,6430,1400000,4.191745486,4.059375947,2.1875,291.1,228.66,49.4,12.94359435
Colville,E05000385,5.4,Kensington and Chelsea,8350,5525,935000,9.52568392,21.2957497,18.92857143,311.0990099,214.7196721,63.7,35.32680303
Courtfield,E05000386,6.9,Kensington and Chelsea,8950,6717,1325000,5.543237251,6.343588347,2.068965517,344.0823529,179.3,56.9,14.77341721
Cremorne,E05000387,4.7,Kensington and Chelsea,8000,5372,1050000,9.76940243,21.18895303,21.48148148,311.6586538,198.4392157,58.1,29.49985432
Earl's Court,E05000388,7,Kensington and Chelsea,9100,5879,783250,7.738202857,17.32335172,11.2,359.2344828,216.3222222,69.2,27.88989806
Golborne,E05000389,4.5,Kensington and Chelsea,8950,4284,533800,14.34608541,29.46866676,29.21052632,314.427027,216.3368421,68.4,47.87099094
Hans Town,E05000390,6.6,Kensington and Chelsea,8800,6729,1587500,5.659995957,7.431693989,8.461538462,337.7888889,210.8,56.3,15.34571837
Holland,E05000391,6,Kensington and Chelsea,9800,6644,1375000,6.08424337,7.597942224,6.585365854,365.3559322,201.5341463,47.1,17.92766174
Norland,E05000392,5.4,Kensington and Chelsea,8700,6451,1343000,7.715981534,16.18879577,15.71428571,323.0333333,197.0071429,52,24.73474109
Notting Barns,E05000393,4.2,Kensington and Chelsea,9550,5467,776000,12.38195173,25.59307843,28.63636364,330.35,206.4235294,60.2,40.38487432
Pembridge,E05000394,7,Kensington and Chelsea,7650,5969,1127500,5.111206159,8.394627438,5.2,385.5714286,214.725,59.2,18.51943692
Queen's Gate,E05000395,6,Kensington and Chelsea,9850,7018,1745000,5.100349843,2.709514808,1.212121212,376.825,189.1,52.6,11.95519699
Redcliffe,E05000396,6.2,Kensington and Chelsea,9250,7505,995000,4.512893983,9.073900842,4.705882353,342.25,193.625,52.2,21.10239353
Royal Hospital,E05000397,5,Kensington and Chelsea,7250,6137,1995000,4.325,6.259121129,6.666666667,366.16,213.95,45.7,14.50748374
St Charles,E05000398,3.8,Kensington and Chelsea,9350,5826,642500,11.1227702,26.57243816,28.7804878,330.4808989,210.2757143,58.7,40.08359282
Stanley,E05000399,5.6,Kensington and Chelsea,8200,6631,1100000,4.516129032,6.737218661,6.923076923,344.5,195.25,46.6,14.79841837
Alexandra,E05000400,2.2,Kingston upon Thames,9300,6493,404975,5.444832546,5.068511374,6.25,353.3104478,215.1861111,15.8,8.996428399
Berrylands,E05000401,2.8,Kingston upon Thames,9450,7731,361125,5.863254393,9.776536313,6.75,342.6675325,212.8689189,31.6,12.14299381
Beverley,E05000402,2.8,Kingston upon Thames,10150,6817,435000,6.372919818,8.832462641,9.230769231,372.3044248,219.3457143,27.3,11.65384176
Canbury,E05000403,4.1,Kingston upon Thames,12450,9726,449500,5.050649165,6.956776271,5.671641791,367.5393617,222.6375,29.3,10.93800893
Chessington North and Hook,E05000404,2.4,Kingston upon Thames,8750,7426,310000,5.739093604,6.307452977,10.90909091,307.125,205.0261905,19.2,13.09319447
Chessington South,E05000405,2.4,Kingston upon Thames,10250,8903,315000,5.13896172,6.422901131,13.1372549,321.3278195,203.5975,15.6,11.20871205
Coombe Hill,E05000406,2.5,Kingston upon Thames,10350,6680,480000,7.581155978,5.362703264,8.2,339.7795082,214.1585714,22.8,10.3658513
Coombe Vale,E05000407,2.3,Kingston upon Thames,9800,6497,480000,5.524642289,5.453847139,6.326530612,367.022093,223.4695238,19.5,7.830636736
Grove,E05000408,4.2,Kingston upon Thames,11000,8417,400000,8.133439237,7.175321536,9.722222222,324.7617284,209.8049505,37.4,15.1113015
Norbiton,E05000409,3.6,Kingston upon Thames,10150,6972,341750,9.250313115,13.07453058,20,308.3627907,219.7732143,39,21.74578833
Old Malden,E05000410,2.7,Kingston upon Thames,9450,6527,395725,5.122494432,5.395590143,8.936170213,347.0412698,220.9772727,16.1,10.50346799
St James,E05000411,2.6,Kingston upon Thames,9000,5255,443567.5,5.09009009,6.318082789,7.272727273,354.9736264,213.5869159,18.1,11.18538637
St Mark's,E05000412,3.7,Kingston upon Thames,10450,8254,395350,8.667687596,5.523080024,4.285714286,336.4026667,211.6243902,33.3,11.81875932
Surbiton Hill,E05000413,3.3,Kingston upon Thames,10500,8474,396770,4.934049829,5.360078921,9.268292683,361.6478723,204.3544444,27,10.42127177
Tolworth and Hook Rise,E05000414,2.3,Kingston upon Thames,9850,7154,337195,5.727923628,6.790799562,10.20408163,337.5252101,213.3282609,20.8,12.43682109
Tudor,E05000415,2.3,Kingston upon Thames,9600,7893,550000,4.226190476,3.825136612,5.384615385,378.9398058,222.0276316,17.7,7.135354339
Bishop's,E05000416,7.6,Lambeth,9700,5608,590000,8.668297798,11.9649699,17.85714286,324.8346939,199.4066667,68,28.45442918
Brixton Hill,E05000417,4.9,Lambeth,15950,9273,420000,8.163063863,12.64080992,24.72727273,312.4784314,202.0231884,60.8,31.54753301
Clapham Common,E05000418,4.1,Lambeth,12950,9731,620000,5.26193248,9.365480024,15.86956522,296.1657895,213.5814815,48.3,24.13026537
Clapham Town,E05000419,5.1,Lambeth,13900,9758,610000,6.249330046,11.37561911,19.36170213,311.4953125,215.9409639,56.4,29.61667651
Coldharbour,E05000420,5.4,Lambeth,16850,6355,435000,14.38112679,22.00516034,27.56097561,305.5961538,199.7769585,69.5,41.73941231
Ferndale,E05000421,6.3,Lambeth,15150,8959,497475,7.800660579,13.72018512,25.23809524,313.0010582,204.7863636,65.5,31.59765633
Gipsy Hill,E05000422,3.7,Lambeth,13800,7557,350000,10.99973622,19.32069219,23.97435897,314.2944882,203.0860294,49.1,31.19286656
Herne Hill,E05000423,4.5,Lambeth,15200,9129,432500,8.05864726,13.57409714,16.41791045,324.4942623,222.9536232,57.4,30.02587327
Knight's Hill,E05000424,4.1,Lambeth,14850,7715,355000,11.55981827,16.45842309,20,322.1412162,205.2134831,48.2,32.49078292
Larkhall,E05000425,5.2,Lambeth,17350,9778,430000,9.03975648,14.80053191,25,308.9,208.8852941,64.3,32.2003099
Oval,E05000426,6.9,Lambeth,15200,9530,699995,7.253564786,13.45496838,22.15686275,321.5030928,207.0106195,67.9,30.96220098
Prince's,E05000427,6.3,Lambeth,14350,8077,495000,9.076831447,17.82864512,24.13793103,333.5207921,212.7421053,65.6,33.38255188
St Leonard's,E05000428,5.9,Lambeth,14650,8883,340000,7.94796108,13.73526387,14.74576271,341.06875,219.1115385,51.5,32.75559864
Stockwell,E05000429,5.4,Lambeth,14850,8229,391375,10.56227599,16.78232432,25.53846154,313.6672131,199.5410256,66.3,32.10335287
Streatham Hill,E05000430,5.3,Lambeth,14350,8860,359000,8.361320208,13.41043307,15.90163934,316.4956897,223.7283784,52.8,27.91205347
Streatham South,E05000431,4.1,Lambeth,14400,6808,375000,9.781077967,11.58102428,16.02941176,327.6622378,210.9020408,41.7,27.03135991
Streatham Wells,E05000432,4.4,Lambeth,15000,8476,345875,8.692714784,13.00552575,17.63888889,310.9723214,203.6559322,51.3,28.10185852
Thornton,E05000433,3.5,Lambeth,12600,7451,511250,8.714479026,12.15343714,16.875,319.1690217,207.0530435,48.4,27.73712283
Thurlow Park,E05000434,5,Lambeth,13700,8687,412747.5,8.886644787,13.18720805,16.41791045,304.7932584,215.2791667,47.7,24.95414369
Tulse Hill,E05000435,4.4,Lambeth,15850,7468,417000,10.84126463,17.27032489,25.54054054,291.9833333,206.6104575,60.8,35.10482364
Vassall,E05000436,4.4,Lambeth,14200,6693,395000,11.99221601,19.20551543,25.34482759,317.2514925,204.6331288,63.8,37.36156491
Bellingham,E05000437,3,Lewisham,14850,7194,265000,12.28070175,21.79998228,25.49450549,294.5421875,202.3125,46.1,37.68939459
Blackheath,E05000438,4.9,Lewisham,14150,9797,385000,7.774929818,11.61230821,15.48387097,295.5715054,216.4232143,44.7,26.45223787
Brockley,E05000439,5.8,Lewisham,17250,9763,330000,9.535361075,13.7300813,21.26984127,311.9791304,206.9962264,58.6,31.06018974
Catford South,E05000440,3.3,Lewisham,15300,6669,332500,9.854822835,10.05873108,13.41772152,311.4160428,205.1923664,33.9,22.89031411
Crofton Park,E05000441,4.1,Lewisham,15050,9026,455000,8.086717137,10.40077102,13.88059701,314.3884956,206.5569444,41.7,23.97063163
Downham,E05000442,3.3,Lewisham,14650,8499,242500,13.08177947,20.13091822,26.86046512,290.4672316,209.1695652,43.2,38.88558413
Evelyn,E05000443,3.1,Lewisham,16700,6485,315000,13.49124614,21.36714116,27.31182796,305.2361111,193.8791304,62,38.89158844
Forest Hill,E05000444,4,Lewisham,14950,9176,340000,8.920965452,13.04133048,15.64102564,333.01,207.5347222,45.6,27.38672974
Grove Park,E05000445,3.2,Lewisham,14750,9158,250000,9.462112289,14.65037911,17.73333333,308.2021277,204.0386364,37.1,29.05886672
Ladywell,E05000446,4.5,Lewisham,14600,7931,370000,10.39621526,10.65553845,17.41935484,319.4958678,209.5347458,47.2,23.79804818
Lee Green,E05000447,3.6,Lewisham,14650,9665,402500,7.235357016,11.00977734,14.49275362,334.2216495,218.2653333,40.7,24.78528423
Lewisham Central,E05000448,5.2,Lewisham,17550,8450,290000,10.44539232,17.06612384,23.08641975,303.4345865,207.4275862,56.6,33.77310519
New Cross,E05000449,4.4,Lewisham,15850,6342,242000,13.53443369,18.48575712,24.28571429,299.0064,193.7578947,61.9,34.04015707
Perry Vale,E05000450,3.4,Lewisham,15700,8984,355000,8.765794224,13.8656448,18.73417722,313.5038462,213.154717,44.4,29.40253863
Rushey Green,E05000451,5.2,Lewisham,15000,6103,270000,12.5015753,18.71354637,18.57142857,300.7135714,206.0010753,53.8,34.9351107
Sydenham,E05000452,4.1,Lewisham,15700,9087,350000,10.39319108,17.24592708,23.10810811,308.166,208.6484848,46,33.27898156
Telegraph Hill,E05000453,5.2,Lewisham,16500,8302,360000,10.02289759,15.33328498,19.35064935,312.8092025,200.5394958,55.3,30.40914754
Whitefoot,E05000454,2.8,Lewisham,14350,7055,248000,12.09101725,18.1809762,23.18181818,302.2232227,205.1128571,39.2,34.78057344
Abbey,E05000455,5.1,Merton,10400,7573,482500,4.537286613,8.301929885,11,332.4018692,223.5205479,43,13.39857847
Cannon Hill,E05000456,2.6,Merton,9300,6901,455000,4.968329375,4.177825388,7.142857143,364.1669903,214.9506329,19.3,8.443907739
Colliers Wood,E05000457,3.9,Merton,10800,6418,350000,5.793304221,7.467041279,12.56410256,335.3820896,207.5735849,44.1,17.44340655
Cricket Green,E05000458,2.9,Merton,11550,6023,245000,10.96614951,17.6457011,20.9375,296.0496732,211.4816327,42.8,26.59067151
Dundonald,E05000459,4.9,Merton,9350,7597,565000,3.418945964,2.658146965,2.631578947,391.603125,230.8344262,34,6.562757821
Figge's Marsh,E05000460,3.6,Merton,11350,4791,250000,10.86466817,14.92656268,19.07692308,315.5824,195.7864198,41.6,25.0526187
Graveney,E05000461,3.4,Merton,9900,4167,388000,8.216216216,7.984457257,10.22727273,332.877907,210.4,36.5,14.60814529
Hillside,E05000462,5.4,Merton,9050,7025,563750,3.711711712,4.820512821,2.580645161,372.340625,226.26,37.3,7.805171165
Lavender Fields,E05000463,2.7,Merton,10350,5461,280000,8.44928751,11.80184556,17.16981132,301.145082,209.2736842,39.6,19.52222338
Longthornton,E05000464,2.8,Merton,10100,4191,295000,9.74560419,8.708487085,11.60714286,319.2923077,205.8166667,28.6,16.99764897
Lower Morden,E05000465,2.2,Merton,9150,7101,320000,5.045151158,3.509015257,6.5,334.6595238,214.3084507,17.8,10.32540252
Merton Park,E05000466,3.8,Merton,9550,6711,522500,5.046948357,4.247764335,4.545454545,380.67,220.7830769,26.9,7.890036057
Pollards Hill,E05000467,2.6,Merton,10350,4488,288000,10.47000382,12.43971807,17.8125,312.9716049,201.6459854,30.3,21.17872605
Ravensbury,E05000468,2.9,Merton,10050,6094,285000,9.080142124,12.31527094,19.61538462,312.6198347,203.3368421,33.4,24.61291606
Raynes Park,E05000469,3.8,Merton,9800,7814,499500,4.034476435,6.216628528,7.446808511,341.0297297,225.5658824,27.7,9.386220181
St Helier,E05000470,3.1,Merton,10500,6774,280000,8.325377124,12.88505334,17.09090909,329.55,206.3136842,32.9,23.53101512
Trinity,E05000471,3.9,Merton,9900,7621,497000,4.303636652,7.252747253,8.292682927,342.7133333,207.1907407,38.2,10.59916803
Village,E05000472,2.4,Merton,8550,7035,1530000,3.215590743,2.573099415,0.810810811,388.675,230.6478261,16.2,5.952433461
West Barnes,E05000473,2.9,Merton,9950,6904,475000,5.570927873,4.404850285,6.346153846,363.3811321,217.2138889,20.4,6.991430194
Wimbledon Park,E05000474,3.1,Merton,11300,8917,732500,3.638301111,4.466809906,6.49122807,340.4986667,215.4094118,28.9,7.860318274
Beckton,E05000475,2.8,Newham,15350,6941,233500,14.11794741,17.11112981,19.62962963,305.8,212.1983607,41.7,39.91694207
Boleyn,E05000476,4,Newham,16200,3498,250000,14.53152305,14.15038981,15.9375,325.2095745,210.0394737,51.9,41.57750162
Canning Town North,E05000477,4.7,Newham,15000,6043,249000,15.96250509,20.14024788,22.24719101,306.0559322,200.8694836,58,51.68338581
Canning Town South,E05000478,3.6,Newham,16200,7277,280000,11.96561065,15.69975648,24.43037975,299.0376963,203.0692,57.3,50.31468027
Custom House,E05000479,3.2,Newham,13600,6234,250000,12.66627254,19.47220336,21.66666667,299.1942408,202.1017391,45.5,46.24310445
East Ham Central,E05000480,4.7,Newham,16100,2881,250000,13.56110381,12.11112014,12.4137931,310.5708861,207.5572519,52.4,40.75863585
East Ham North,E05000481,4.4,Newham,14050,1281,249995,14.765204,10.30566073,15.57142857,323.1586826,203.3635714,49,40.95877519
East Ham South,E05000482,2.6,Newham,15800,5023,240000,14.58569807,17.03950929,18.95238095,311.5045643,210.2352941,44.7,40.50618609
Forest Gate North,E05000483,3.2,Newham,16450,5842,313000,12.32656805,12.73470029,16.96202532,330.6289773,207.0007937,51.2,36.51632966
Forest Gate South,E05000484,3.9,Newham,17550,5525,263900,12.97075645,13.67800582,16.95121951,315.8967532,204.13,56.8,42.77443897
Green Street East,E05000485,3.7,Newham,16100,1606,260000,15.39989407,10.23225597,15.33333333,316.288587,210.8566667,50.8,36.88000585
Green Street West,E05000486,4,Newham,15300,1614,250000,16.06840023,9.842783074,13.875,320.9536913,208.9239669,50.4,37.24044599
Little Ilford,E05000487,2.7,Newham,16850,2990,230000,17.7608358,18.63925109,16.69642857,314.6870192,203.0908537,53.6,45.2823714
Manor Park,E05000488,4,Newham,15500,2833,249974.5,15.35754505,14.45690319,17.85714286,328.8079787,208.5276119,48.8,42.9657943
Plaistow North,E05000489,4.4,Newham,15700,4117,250000,15.2969567,16.49651183,18.35164835,318.8994595,209.0144928,55.4,39.66249297
Plaistow South,E05000490,4.4,Newham,16650,5369,250000,13.7965016,14.11561833,18.7628866,313.9185393,208.5027972,52.3,41.65926508
Royal Docks,E05000491,2.8,Newham,10850,4903,303500,10.21421919,12.44860885,18.57142857,305.5415179,200.3601351,43.8,38.94832737
Stratford and New Town,E05000492,5.8,Newham,18000,7241,280000,11.10097601,11.40841543,21.5,308.8741667,202.3912088,63.7,44.43108251
Wall End,E05000493,3.7,Newham,15050,2637,250000,14.13266804,13.52384419,13.44086022,302.5127551,204.0673759,45.8,36.38402509
West Ham,E05000494,4.7,Newham,15750,5361,273500,12.66321754,14.719987,21.89873418,307.5491018,207.4189655,56.1,43.58275079
Aldborough,E05000495,2.7,Redbridge,14700,5628,315000,9.18722989,8.437365476,9.634146341,339.978534,212.3853147,25.1,19.72810634
Barkingside,E05000496,3.2,Redbridge,12700,4509,368750,8.698443268,5.283719113,6.363636364,357.1525926,219.7241935,23.2,13.98396062
Bridge,E05000497,2.5,Redbridge,11750,8380,340000,7.336827061,8.034767861,10.68965517,322.7427536,205.9663265,21.9,17.03258776
Chadwell,E05000498,2.4,Redbridge,14400,6145,250000,9.842024325,10.45816733,14.28571429,328.6417085,207.7125874,27.7,18.57089165
Church End,E05000499,2.7,Redbridge,11650,8461,340000,5.026223776,5.145159624,5.576923077,343.699359,232.6896104,25,11.03702147
Clayhall,E05000500,2.3,Redbridge,13350,3839,390000,7.954193748,3.707995365,4.383561644,372.2296651,220.4438202,14.7,14.03524756
Clementswood,E05000501,3.4,Redbridge,14800,2311,235000,14.36968291,11.44803522,15.51020408,330.4644578,206.9924051,42.7,31.71115042
Cranbrook,E05000502,3.8,Redbridge,12900,3144,367500,10.16173828,6.062939082,9.230769231,355.0882759,204.2910714,26.6,17.51043869
Fairlop,E05000503,2.8,Redbridge,12750,8217,310000,7.303712721,7.791053619,11.36363636,324.2585714,209.4238095,21.6,18.9996842
Fullwell,E05000504,2.4,Redbridge,13050,6648,339497.5,9.05396619,9.272173657,13.33333333,332.9598802,213.9974359,24.7,20.43893165
Goodmayes,E05000505,3.7,Redbridge,13200,3237,307000,12.32461735,10.69592724,15.97402597,318.7120253,213.5102041,31.5,24.87809675
Hainault,E05000506,2.4,Redbridge,13050,9092,249999,10.32046015,14.22059261,19.45205479,304.6393939,200.0211864,30.1,30.24343898
Loxford,E05000507,3.4,Redbridge,16700,2738,193000,16.75683579,16.59457661,20.43478261,339.7470588,208.6766467,46.6,31.11890265
Mayfield,E05000508,2.7,Redbridge,13800,3652,305000,11.07644306,7.745940783,11.29411765,338.6118557,211.7670807,23.7,19.27263368
Monkhams,E05000509,2.6,Redbridge,10500,8219,499747.5,4.155939684,3.224336334,4.222222222,369.7776316,208.5439394,15.1,9.281440617
Newbury,E05000510,3.1,Redbridge,16900,3814,315000,10.61622169,9.222107684,10.56074766,347.6247899,216.9945545,27.6,21.01295136
Roding,E05000511,2.5,Redbridge,12150,7564,302500,7.507598784,7.986477921,10.3125,330.1154545,211.0950495,24.5,19.41719715
Seven Kings,E05000512,3.1,Redbridge,15300,3527,294000,12.66109616,9.993343318,12.77777778,332.2447674,206.8445205,31.9,23.29119243
Snaresbrook,E05000513,3.6,Redbridge,11950,8282,361392.5,4.883479293,6.494644596,5.777777778,370.85,205.2673469,32.1,14.6147775
Valentines,E05000514,4.5,Redbridge,14250,3163,225000,13.06540116,12.99301841,11.86046512,341.0123188,213.7844262,42.2,27.62563057
Wanstead,E05000515,2.5,Redbridge,11650,8076,460000,5.628819556,5.880476393,6.49122807,343.9020408,216.2586957,23.8,15.22942171
Barnes,E05000516,3.4,Richmond upon Thames,10350,8828,1362500,4.936661699,6.504360465,6.25,327.782716,200.1844444,27.4,9.799404035
East Sheen,E05000517,2.6,Richmond upon Thames,10400,9387,985000,3.329111634,3.92741735,2.333333333,396.2131579,224.4384615,21,7.263119396
Fulwell and Hampton Hill,E05000518,3.2,Richmond upon Thames,10150,9129,480000,3.787480274,5.575606721,5.490196078,373.6583333,218.8013699,20.4,8.301838902
"Ham, Petersham and Richmond Riverside",E05000519,2.1,Richmond upon Thames,10350,8678,500000,6.512488437,7.681382412,10.41666667,337.5187879,221.3634409,27.5,15.95139486
Hampton,E05000520,2.7,Richmond upon Thames,10000,8856,599950,4.068799704,6.162430254,6.170212766,342.7931034,216.4691489,19.1,9.122017794
Hampton North,E05000521,2.1,Richmond upon Thames,9400,7858,335000,5.755978922,10.73535195,13.86363636,310.351087,204.7967213,22.3,15.22918551
Hampton Wick,E05000522,2.7,Richmond upon Thames,10250,9054,455000,5.496750232,7.491777318,4.509803922,374.4480519,222.9306818,25.8,10.20144238
Heathfield,E05000523,2,Richmond upon Thames,10350,7174,380500,7.476812417,9.266221953,12.0754717,324.3889831,197.1831325,22.9,15.51656607
Kew,E05000524,2.9,Richmond upon Thames,11450,9687,630000,4.69608921,4.792816185,5.740740741,362.7915493,223.3657534,24.8,8.723676538
Mortlake and Barnes Common,E05000525,3,Richmond upon Thames,10950,9643,746500,4.692684468,8.166237258,8.039215686,341.7918919,215.1681818,30.2,11.75092931
North Richmond,E05000526,4.4,Richmond upon Thames,10650,8981,625625,4.884733194,7.77084515,5,359.5589474,220.5571429,30,11.04419551
St Margarets and North Twickenham,E05000527,3.1,Richmond upon Thames,11200,9796,600000,3.506907545,3.394957983,2.857142857,369.2925,215.7854839,21,7.258747518
South Richmond,E05000528,4.2,Richmond upon Thames,10850,9399,655000,4.163976759,6.194882961,4.042553191,361.4245614,197.8869565,34,9.474371758
South Twickenham,E05000529,3.5,Richmond upon Thames,10050,9021,555500,4.445579969,3.969502602,3.333333333,375.6315789,227.1181818,21.1,7.077447
Teddington,E05000530,3.2,Richmond upon Thames,10350,9412,499950,3.987884907,4.969897297,4.347826087,378.2073529,223.6480769,22.3,7.05437847
Twickenham Riverside,E05000531,4.5,Richmond upon Thames,10400,9323,458725,3.92341494,4.140127389,3.111111111,366.0779412,219.8557692,29.8,7.989267582
West Twickenham,E05000532,2.7,Richmond upon Thames,10550,8844,450000,4.300535475,6.160682118,6.545454545,333.8769912,209.5382353,21.1,10.38922719
Whitton,E05000533,2.4,Richmond upon Thames,9800,7655,420000,5.368742835,5.538034565,7.446808511,341.0166667,205.1604938,19.7,10.52062349
Brunswick Park,E05000534,4.1,Southwark,13200,6157,346500,11.67971915,16.34208298,22.54237288,315.9298387,203.4204082,60.1,30.60873102
Camberwell Green,E05000535,5.6,Southwark,15100,5843,310000,12.8984249,20.89540155,23.46666667,304.3804196,203.6631579,68.9,35.01965096
Cathedrals,E05000536,8,Southwark,14950,9203,580000,11.10733311,13.30111368,25.58139535,312.8394366,194.8174419,68.3,27.8473246
Chaucer,E05000537,7.2,Southwark,15200,7597,442000,8.592874748,12.63980389,24.33962264,318.2711111,202.582,68.7,26.23530263
College,E05000538,3.4,Southwark,11900,7483,350000,8.30476784,11.85381356,16.12903226,324.0428571,207.169697,40.5,24.96176533
East Dulwich,E05000539,4.1,Southwark,12400,8851,572500,5.894519131,7.914500289,10.38461538,333.6666667,210.467619,41.5,19.82853774
East Walworth,E05000540,5.8,Southwark,11600,5566,315000,11.93907632,16.9711583,26.48148148,319.5195402,193.5781818,68.6,39.21162823
Faraday,E05000541,4.7,Southwark,12900,5052,315000,14.38304315,19.33583833,24,319.8929134,206.6921348,67.2,33.87438307
Grange,E05000542,5.1,Southwark,15400,9360,500000,8.524801374,14.82645436,30.83333333,322.1289617,200.9117021,67.4,29.81878295
Livesey,E05000543,4.3,Southwark,14150,5346,289995,15.66560785,22.24701053,26.125,314.2777108,200.0525862,64,39.27129066
Newington,E05000544,5.8,Southwark,14150,7318,380000,11.68814917,18.76365402,26.49122807,319.9704,206.6075949,69.1,32.60512233
Nunhead,E05000545,4.8,Southwark,13700,6059,356250,13.08652021,20.23863328,25.96774194,325.3381818,203.3546392,57.2,38.49332187
Peckham,E05000546,4.1,Southwark,14750,4295,285000,14.98318763,20.70212578,25.34883721,320.9891192,202.1039216,61.4,35.90231591
Peckham Rye,E05000547,3.5,Southwark,13600,8673,421000,7.543859649,11.61634757,17.35294118,330.4277228,206.3594937,44,24.65305069
Riverside,E05000548,4.4,Southwark,14450,9898,585000,7.302252488,11.30638964,25.34883721,298.4731034,194.8178082,61,25.84045306
Rotherhithe,E05000549,5.3,Southwark,13800,8122,421800,9.204758923,14.78972156,27.4137931,312.3794326,211.6189781,61.1,28.33230506
South Bermondsey,E05000550,3.7,Southwark,13850,7609,288025,11.84353005,18.02968961,26.76470588,310.225,201.017,60.6,35.58316977
South Camberwell,E05000551,4.6,Southwark,12700,7061,396089,8.318388743,11.73006372,15.24590164,325.406,211.1713178,51.3,24.08922419
Surrey Docks,E05000552,2.9,Southwark,13500,9283,415000,6.133304386,8.036327559,16.66666667,319.0392523,213.8181818,47.5,19.86414248
The Lane,E05000553,6,Southwark,15650,7668,407500,10.16949153,15.68162704,19.86842105,308.6855072,205.4607595,57.3,33.7267883
Village,E05000554,4.1,Southwark,12450,9905,850000,4.524619252,5.464711467,5.070422535,356.8764706,234.2745763,27.9,15.01447748
Beddington North,E05000555,2.6,Sutton,10400,7885,289000,5.868995633,5.266972699,8.518518519,340.6891026,221.8082353,17.3,13.21969295
Beddington South,E05000556,2,Sutton,10750,7593,386000,8.228678538,13.46085304,20,320.1719745,218.3681319,23.7,22.84848375
Belmont,E05000557,2.3,Sutton,10100,7820,290000,4.645654946,7.121696884,7.777777778,369.4752381,221.7380435,20.4,12.58523456
Carshalton Central,E05000558,3.3,Sutton,10100,8666,318000,5.408216329,5.878092939,8.163265306,360.2982301,218.7679012,20.3,10.74182252
Carshalton South and Clockhouse,E05000559,2.1,Sutton,9800,8096,419995,4.782187803,4.297075423,7.4,359.5691057,220.7927083,13.4,11.68187391
Cheam,E05000560,2.2,Sutton,10350,8108,376000,4.140986133,2.947872978,3.921568627,363.9583333,231.1290323,13.6,7.387901109
Nonsuch,E05000561,2.3,Sutton,10700,9011,388500,4.63010422,3.202928392,4.791666667,357.1032258,216.5904762,15.6,7.901703709
St Helier,E05000562,2.9,Sutton,12050,8898,248000,9.32022932,15.78259449,20.28985507,311.3359756,208.4933333,33.1,27.53140776
Stonecot,E05000563,2.5,Sutton,10800,8469,347500,4.5221843,3.256571296,5.272727273,351.0649682,218.2603306,14.8,10.83654347
Sutton Central,E05000564,4.9,Sutton,11050,8348,240000,7.533281128,14.39181916,15.47169811,313.5395604,216.684507,37.4,21.22044038
Sutton North,E05000565,3.3,Sutton,10400,8085,300500,6.199411332,6.74050256,10.53571429,344.4742424,222.036,23,15.52069384
Sutton South,E05000566,3.3,Sutton,9650,7254,250000,5.19005848,10.51393626,9.722222222,337.717037,225.8376812,33.1,13.56680228
Sutton West,E05000567,3.5,Sutton,10600,8116,270000,5.086122847,5.416012559,6.25,352.0459627,216.5405229,23.9,10.53187272
The Wrythe,E05000568,2.6,Sutton,10250,8443,257500,6.716032375,7.687702072,13.87755102,331.9978102,207.5976471,23.3,17.70266429
Wallington North,E05000569,3.5,Sutton,10750,8562,272000,5.898969757,8.805970149,8.888888889,349.2135135,220.626,23.3,15.18026227
Wallington South,E05000570,3.4,Sutton,10250,8028,246000,6.779974136,10.21555764,12.39130435,377.35,230.8236842,28.3,18.6747322
Wandle Valley,E05000571,2.4,Sutton,11750,8743,243500,8.858330668,14.67181467,19.13043478,306.0933824,213.9933333,28.9,26.75341184
Worcester Park,E05000572,2.4,Sutton,11750,9324,338000,5.287216212,5.852417303,8.387096774,336.2578512,218.3418367,18.4,9.975285409
Bethnal Green North,E05000573,6,Tower Hamlets,13800,6920,383000,11.69575063,16.73191489,27.86885246,322.9417808,215.4425,68,40.23729966
Bethnal Green South,E05000574,6.8,Tower Hamlets,14300,5054,357500,14.87968105,16.81490183,27.1641791,308.9180328,214.476087,70.3,43.40624843
Blackwall and Cubitt Town,E05000575,3.8,Tower Hamlets,19700,9643,380000,9.020204582,11.17821456,24.63157895,305.3420233,199.3724359,58.1,27.9846657
Bow East,E05000576,3.6,Tower Hamlets,14950,8889,325000,10.14425314,17.26015303,31.88405797,294.792623,206.637931,62.1,39.45991992
Bow West,E05000577,5.2,Tower Hamlets,13050,7668,415000,10.32830774,14.60050161,19.66666667,323.1221154,215.825,58.4,36.14416409
Bromley-by-Bow,E05000578,4.2,Tower Hamlets,14650,4285,302500,17.12934716,20.74904114,28.28571429,310.3418269,209.2960526,62.8,47.78379123
East India and Lansbury,E05000579,3.5,Tower Hamlets,15000,5401,293000,18.63714869,26.34316903,32.05882353,290.3412621,206.8733333,61.8,52.30263099
Limehouse,E05000580,5,Tower Hamlets,16150,6898,375000,12.27110583,19.40804686,30.34090909,309.4087719,200.120202,59,42.87863955
Mile End and Globe Town,E05000581,5.4,Tower Hamlets,15250,7204,385000,13.93041587,15.04587156,26.36363636,334.4534722,202.2932584,66.3,33.57391582
Mile End East,E05000582,5.3,Tower Hamlets,13500,4543,325000,16.29734402,20.05160339,29.3902439,319.5439024,208.5877358,63.1,45.43415652
Millwall,E05000583,3.4,Tower Hamlets,23400,12088,420000,8.120310736,9.185520362,16.63265306,312.9965649,196.2911111,59,23.3506769
St Dunstan's and Stepney Green,E05000584,5.4,Tower Hamlets,16400,5650,363250,15.51606288,20.21511714,25,324.7758794,209.8386364,61.4,44.85705719
St Katharine's and Wapping,E05000585,4.4,Tower Hamlets,12550,7746,453000,6.238621192,9.32629462,21.39534884,324.4409836,212.9525641,53.5,26.780684
Shadwell,E05000586,6,Tower Hamlets,15250,5372,370000,12.82356049,17.49484961,24.14634146,320.0011538,207.7980583,62.4,41.74926253
Spitalfields and Banglatown,E05000587,6.9,Tower Hamlets,10400,4656,499995,13.57857264,13.3583638,24.57142857,338.3826923,198.6872727,73.7,46.94729382
Weavers,E05000588,5.5,Tower Hamlets,13350,6883,510000,11.00276716,16.20255196,29.29824561,321.2176471,209.9578571,70.6,46.06264455
Whitechapel,E05000589,6.8,Tower Hamlets,15000,5919,489000,10.43786982,12.40399942,28,324.4691489,207.3741935,71.8,40.81293724
Cann Hall,E05000590,2.9,Waltham Forest,13900,5933,326000,12.64620889,13.7956138,19.10447761,311.7180451,202.1329412,48.9,38.10553528
Cathall,E05000591,4.3,Waltham Forest,12800,4948,332500,13.85004463,16.00784698,20.61538462,311.6899083,205.0918605,55.5,41.31720006
Chapel End,E05000592,2.9,Waltham Forest,14200,7257,340000,9.103279358,9.603108521,14.65116279,321.6454545,208.4398148,35.4,30.69592641
Chingford Green,E05000593,2.8,Waltham Forest,10350,8773,330000,6.576097657,8.120703717,15,332.1648148,212.6790123,25.4,24.63183432
Endlebury,E05000594,2.4,Waltham Forest,10800,8325,310000,8.029861617,7.728579643,15.49019608,341.823871,218.3603604,21.4,23.29868343
Forest,E05000595,4.3,Waltham Forest,12700,5203,401000,10.33599518,9.152872444,12.54237288,307.2223077,213.959434,42.4,34.79427303
Grove Green,E05000596,4.2,Waltham Forest,14700,6841,308000,9.812206573,8.172839506,11.85714286,305.7784946,200.9293333,48.9,31.70537546
Hale End and Highams Park,E05000597,2.5,Waltham Forest,11450,7598,288747.5,7.968934661,8.814170556,14.26470588,321.8601266,201.6584746,24.5,27.96912189
Hatch Lane,E05000598,2.5,Waltham Forest,11150,8599,286500,8.070048745,11.6386602,18.14814815,325.6851351,206.4958333,27.1,31.91606112
High Street,E05000599,4.4,Waltham Forest,14250,6960,333000,9.204073934,12.36884756,17.42857143,328.4623932,208.445122,52.4,37.47992179
Higham Hill,E05000600,2.6,Waltham Forest,13300,6348,325000,12.60997067,16.63123309,26.2962963,307.0747253,208.1357143,42.8,43.22132102
Hoe Street,E05000601,5.2,Waltham Forest,14050,6968,360000,12.0515921,16.42800668,17.5,321.1685185,206.1975309,53.8,40.77966255
Larkswood,E05000602,2.8,Waltham Forest,11450,7805,335000,8.717679944,10.44220665,17.54716981,311.8991597,212.4055556,27.4,31.35135245
Lea Bridge,E05000603,3.6,Waltham Forest,15800,5524,283250,12.46934297,14.02363441,17.23404255,313.4197183,206.5278195,48.6,40.06169679
Leyton,E05000604,3.8,Waltham Forest,14300,5176,255000,13.80789022,17.33440889,21.25,294.5675978,198.3432203,52.7,41.74255111
Leytonstone,E05000605,5.5,Waltham Forest,13000,6751,345000,9.668651307,8.844533968,13.7254902,316.6333333,208.3673684,45.5,33.76542728
Markhouse,E05000606,4.2,Waltham Forest,13750,5705,324000,10.22743947,12.82796187,19.47368421,300.9038217,205.7606061,48.5,40.87393593
Valley,E05000607,2.4,Waltham Forest,11550,7055,285000,8.973463687,10.72645346,20.16949153,318.5206061,204.3198113,28.6,31.80612659
William Morris,E05000608,3.5,Waltham Forest,13400,6400,351625,9.780918728,13.17393789,18.02631579,317.5142857,213.7635417,48.7,36.98114739
Wood Street,E05000609,3.7,Waltham Forest,13500,6630,387500,10.76312307,15.90519703,19.61538462,330.660274,202.1980952,44.8,39.42130396
Balham,E05000610,4.7,Wandsworth,14800,11890,595000,3.903964491,6.005863244,7.169811321,348.1929412,224.1418605,42.2,15.25931074
Bedford,E05000611,4.1,Wandsworth,14650,10550,496500,5.301701908,9.288299156,12.12765957,347.6283582,199.8206522,46.9,21.84872496
Earlsfield,E05000612,3.9,Wandsworth,15500,11165,541000,4.947378774,8.709530324,13.87096774,325.9819355,213.8543624,41.7,21.06452386
East Putney,E05000613,4.1,Wandsworth,15100,11924,534000,4.048460374,6.762665862,10.4,316.066055,213.3126761,42.8,15.44809444
Fairfield,E05000614,5.5,Wandsworth,14700,11389,500000,3.917050691,7.152225908,11.62790698,339.7882353,218.8177419,46.3,17.81593467
Furzedown,E05000615,3.2,Wandsworth,15550,8819,410000,9.38433951,13.28571429,16.04938272,339.7146893,205.744186,41.3,25.32028258
Graveney,E05000616,5.2,Wandsworth,15250,8144,440000,7.464535015,14.072,18.48484848,329.4254902,213.1464789,50.7,27.35792431
Latchmere,E05000617,5.9,Wandsworth,15400,8523,398500,9.386322464,20.3373494,26.17647059,319.2316151,212.3455696,62.3,37.15863397
Nightingale,E05000618,5.4,Wandsworth,14750,11545,595000,4.256224729,7.129032258,8.545454545,317.8264368,221.6584615,44,18.30934979
Northcote,E05000619,5.3,Wandsworth,15050,12721,795000,3.114503817,4.620408163,3.823529412,341.8808824,227.44,40.1,14.29744577
Queenstown,E05000620,4.4,Wandsworth,16400,10497,630000,7.416493678,13.03754266,24.54545455,314.689697,202.457265,59.3,28.19122625
Roehampton,E05000621,2.8,Wandsworth,16150,10563,374950,13.46747315,19.56153846,29.05405405,297.222549,202.9326087,52.6,32.88424309
St Mary's Park,E05000622,3.9,Wandsworth,16600,11889,530000,5.867322797,9.930555556,17.95735129,313.27,211.200813,47.4,22.59118754
Shaftesbury,E05000623,5.5,Wandsworth,14250,11505,700000,4.443772672,8.645418327,12.73426237,323.8282051,199.9972603,46.6,20.83589836
Southfields,E05000624,3.7,Wandsworth,16350,12288,515250,4.325108853,8.058181818,9.217877095,338.0913043,218.947541,39.5,15.16587837
Thamesfield,E05000625,4.5,Wandsworth,14950,13015,700000,3.227423073,4.15037594,4.136504654,344.9431034,216.4021277,36.9,11.87931303
Tooting,E05000626,5.1,Wandsworth,16250,7676,440500,8.688854143,12.7518797,17.06251706,322.4422764,217.35,51.3,27.61223318
Wandsworth Common,E05000627,2.7,Wandsworth,15350,12539,568000,5.160684964,5.6812749,7.767646066,340.5347826,213.08,30,16.81861442
West Hill,E05000628,2.8,Wandsworth,16500,11201,395000,6.480888319,13,17.06800741,308.8943262,217.5560606,39,21.1161296
West Putney,E05000629,2.7,Wandsworth,14800,11373,497800,5.955489245,10.84081633,16.32522407,328.3256757,209.8565574,40.7,20.45175235
Abbey Road,E05000630,5.4,Westminster,11250,7271,750000,4.917463076,6.270833333,6.28332064,329.0605263,208.1428571,48.5,14.172129
Bayswater,E05000631,6.5,Westminster,10300,7096,850000,5.928308824,10.09424084,10.18973999,344.1022222,179.5777778,64.6,23.41529558
Bryanston and Dorset Square,E05000632,8,Westminster,12000,7525,975000,5.876407739,5.457777778,7.146941109,358.4705882,199.7964286,67.8,15.98516666
Churchill,E05000633,4.9,Westminster,9650,5826,1100000,9.577404969,20.04968944,27.00457,343.5030928,203.1606061,66.8,27.93742881
Church Street,E05000634,6.7,Westminster,11750,4503,440000,16.86486486,28.95652174,34.53038674,318.4377483,209.929,72.2,42.37139064
Harrow Road,E05000635,5.7,Westminster,12050,6138,499950,11.7508997,21.83168317,25.68493151,332.9747253,205.0264,64.3,40.32007377
Hyde Park,E05000636,8,Westminster,12450,6889,850000,7.642658061,7.622807018,8.490566038,335.5081081,229.672,63.9,21.57811354
Knightsbridge and Belgravia,E05000637,6.6,Westminster,9300,6448,3500000,3.82959438,0.694610778,0.960307298,340.6666667,216.9,41,11.59793458
Lancaster Gate,E05000638,7.7,Westminster,13200,8743,895000,6.822044185,7.706122449,9.186351706,348.9744186,232.5913043,69.4,22.2515101
Little Venice,E05000639,5.6,Westminster,10650,6845,870000,6.212967665,10.5136612,16.35620173,303.9354839,207.9016129,54.4,24.33166263
Maida Vale,E05000640,5.2,Westminster,10200,6371,773000,6.846473029,13.86206897,19.06158358,323.337069,225.7771429,56.1,21.15754459
Marylebone High Street,E05000641,7.7,Westminster,10350,7483,1090000,4.685325499,4.05,9.909165979,390.1789474,232.92,64.6,13.73304244
Queen's Park,E05000642,5,Westminster,12550,5951,545000,13.31114809,23.47524752,32.10445469,314.9472222,209.425,62.6,47.98302924
Regent's Park,E05000643,5.2,Westminster,12100,6796,942500,6.582584658,10.16037736,10.33591731,296.6185185,212.6921053,56.7,16.72073577
St James's,E05000644,7.6,Westminster,10800,7711,1262500,6.997261941,10.92523364,15.92568016,352.8394737,199.221875,68.2,24.47820611
Tachbrook,E05000645,6.6,Westminster,8150,6376,715650,5.792197452,11.79220779,19.01469317,368,220.0382979,65,19.29520732
Vincent Square,E05000646,6.9,Westminster,10000,7059,840000,7.682862656,14.11173184,17.31720726,326.3586207,195.3929825,63.8,21.99842995
Warwick,E05000647,7.2,Westminster,9400,7122,857250,6.15255658,11.35227273,21.00840336,310.1636364,218.1130435,61.3,19.87839509
Westbourne,E05000648,4.9,Westminster,12750,6024,499975,11.93333333,24.09756098,34.84427999,338.5621849,206.6385475,67.1,41.30719801
West End,E05000649,8,Westminster,10600,7153,1487500,6.018246027,7.732057416,11.98465964,363.128,206.1,70.7,20.57274123
